,學校代碼,學校名稱,日間∕進修別,等級別,一年級男生,一年級女生,二年級男生,二年級女生,三年級男生,三年級女生,四年級男生,四年級女生,五年級男生,五年級女生,六年級男生,六年級女生,七年級男生,七年級女生,延修生男生,延修生女生,縣市名稱,體系別,學年度
0,1,國立政治大學,D 日,D 博士,113,66,91,68,90,63,77,58,86,48,84,40,64,33,0,0,30 臺北市,1 一般,105
1,1,國立政治大學,D 日,M 碩士,617,755,622,712,352,422,217,265,0,0,0,0,0,0,0,0,30 臺北市,1 一般,105
2,1,國立政治大學,D 日,B 學士,872,1347,1017,1232,850,1367,846,1398,0,0,0,0,0,0,327,455,30 臺北市,1 一般,105
3,1,國立政治大學,N 職,M 碩士,281,297,261,265,193,160,92,84,55,30,0,0,0,0,0,0,30 臺北市,1 一般,105
4,2,國立清華大學,D 日,D 博士,235,83,205,59,211,55,167,41,148,46,125,43,173,54,0,0,18 新竹市,1 一般,105
5,2,國立清華大學,D 日,M 碩士,1206,492,1056,484,378,188,122,101,0,1,0,0,0,0,0,0,18 新竹市,1 一般,105
6,2,國立清華大學,D 日,B 學士,967,568,949,583,960,533,950,525,0,0,0,0,0,0,234,100,18 新竹市,1 一般,105
7,2,國立清華大學,N 職,M 碩士,121,79,96,48,20,16,13,13,12,6,0,0,0,0,0,0,18 新竹市,1 一般,105
8,3,國立臺灣大學,D 日,D 博士,471,183,409,185,389,153,349,163,384,148,314,147,363,155,0,0,30 臺北市,1 一般,105
9,3,國立臺灣大學,D 日,M 碩士,2478,1510,2323,1461,912,661,447,362,0,0,0,0,0,0,0,0,30 臺北市,1 一般,105
10,3,國立臺灣大學,D 日,B 學士,2108,1622,2105,1600,2057,1655,2051,1553,165,87,139,51,0,0,778,528,30 臺北市,1 一般,105
11,3,國立臺灣大學,N 職,M 碩士,288,191,264,168,160,68,54,25,53,11,23,12,0,0,0,0,30 臺北市,1 一般,105
12,4,國立臺灣師範大學,D 日,D 博士,108,124,119,125,123,103,100,101,96,86,77,68,78,58,0,0,30 臺北市,3 師範,105
13,4,國立臺灣師範大學,D 日,M 碩士,610,759,533,699,293,472,210,350,0,0,0,0,0,0,0,0,30 臺北市,3 師範,105
14,4,國立臺灣師範大學,D 日,B 學士,885,1091,858,1064,786,1074,757,1036,0,0,0,0,0,0,237,240,30 臺北市,3 師範,105
15,4,國立臺灣師範大學,N 職,M 碩士,207,436,129,321,108,323,64,153,34,108,32,72,0,0,0,0,30 臺北市,3 師範,105
16,5,國立成功大學,D 日,D 博士,215,96,227,88,188,100,178,72,196,77,180,68,192,62,0,0,21 臺南市,1 一般,105
17,5,國立成功大學,D 日,M 碩士,1787,1037,1729,913,423,280,146,133,0,0,0,0,0,0,0,0,21 臺南市,1 一般,105
18,5,國立成功大學,D 日,B 學士,1695,1028,1737,990,1653,966,1595,958,69,38,43,35,54,19,411,162,21 臺南市,1 一般,105
19,5,國立成功大學,N 職,M 碩士,271,189,254,161,156,73,96,27,41,11,0,0,0,0,0,0,21 臺南市,1 一般,105
20,6,國立中興大學,D 日,D 博士,117,45,99,40,110,41,102,35,90,38,93,30,128,60,0,0,19 臺中市,1 一般,105
21,6,國立中興大學,D 日,M 碩士,836,545,827,517,250,166,85,92,2,2,0,0,0,0,0,0,19 臺中市,1 一般,105
22,6,國立中興大學,D 日,B 學士,1143,799,1152,788,1096,789,1151,802,40,28,0,0,0,0,210,91,19 臺中市,1 一般,105
23,6,國立中興大學,N 職,M 碩士,348,200,314,162,155,69,122,39,99,33,0,0,0,0,0,0,19 臺中市,1 一般,105
24,6,國立中興大學,P 進,B 學士,117,122,90,135,90,123,82,149,62,88,0,0,0,0,5,4,19 臺中市,1 一般,105
25,7,國立交通大學,D 日,D 博士,276,55,228,69,201,50,193,43,163,29,160,43,204,31,0,0,18 新竹市,1 一般,105
26,7,國立交通大學,D 日,M 碩士,1412,644,1346,568,806,319,188,112,0,2,0,0,0,0,0,0,18 新竹市,1 一般,105
27,7,國立交通大學,D 日,B 學士,922,409,962,386,921,401,901,389,0,0,0,0,0,0,143,44,18 新竹市,1 一般,105
28,7,國立交通大學,N 職,M 碩士,334,168,317,151,136,50,140,38,102,27,0,0,0,0,0,0,18 新竹市,1 一般,105
29,8,國立中央大學,D 日,D 博士,167,65,123,51,110,46,105,29,111,22,87,29,95,33,0,0,03 桃園市,1 一般,105
30,8,國立中央大學,D 日,M 碩士,976,496,955,447,302,128,82,51,0,1,0,0,0,0,0,0,03 桃園市,1 一般,105
31,8,國立中央大學,D 日,B 學士,948,544,975,529,932,542,875,531,0,0,0,0,0,0,172,59,03 桃園市,1 一般,105
32,8,國立中央大學,N 職,M 碩士,331,176,300,206,115,51,73,26,34,10,3,0,0,0,0,0,03 桃園市,1 一般,105
33,9,國立中山大學,D 日,D 博士,118,37,87,43,76,37,94,29,73,42,62,30,78,23,0,0,50 高雄市,1 一般,105
34,9,國立中山大學,D 日,M 碩士,748,435,690,377,259,182,141,84,0,0,0,0,0,0,0,0,50 高雄市,1 一般,105
35,9,國立中山大學,D 日,B 學士,685,451,717,424,697,453,692,402,0,0,0,0,0,0,159,76,50 高雄市,1 一般,105
36,9,國立中山大學,N 職,M 碩士,215,182,159,147,42,67,59,45,0,0,0,0,0,0,0,0,50 高雄市,1 一般,105
37,12,國立臺灣海洋大學,D 日,D 博士,47,8,33,16,41,7,21,9,21,5,23,7,46,12,0,0,17 基隆市,1 一般,105
38,12,國立臺灣海洋大學,D 日,M 碩士,416,214,409,168,106,44,44,13,5,3,1,0,0,0,0,0,17 基隆市,1 一般,105
39,12,國立臺灣海洋大學,D 日,B 學士,953,434,974,409,952,442,894,421,0,0,0,0,0,0,158,35,17 基隆市,1 一般,105
40,12,國立臺灣海洋大學,N 職,M 碩士,170,90,130,107,47,19,22,12,7,5,3,1,1,1,0,0,17 基隆市,1 一般,105
41,12,國立臺灣海洋大學,N 修,X 4+X,80,19,69,7,0,0,0,0,0,0,0,0,0,0,1,0,17 基隆市,1 一般,105
42,12,國立臺灣海洋大學,P 進,B 學士,85,49,68,53,59,53,63,47,0,0,0,0,0,0,31,17,17 基隆市,1 一般,105
43,13,國立中正大學,D 日,D 博士,72,31,69,36,55,29,48,25,49,25,41,12,61,17,0,0,10 嘉義縣,1 一般,105
44,13,國立中正大學,D 日,M 碩士,709,390,649,356,272,180,125,111,1,3,0,0,0,0,0,0,10 嘉義縣,1 一般,105
45,13,國立中正大學,D 日,B 學士,902,722,914,743,855,751,809,754,0,0,0,0,0,0,152,70,10 嘉義縣,1 一般,105
46,13,國立中正大學,N 職,M 碩士,238,251,251,222,101,121,56,62,113,82,0,0,0,0,0,0,10 嘉義縣,1 一般,105
47,14,國立高雄師範大學,D 日,D 博士,46,44,31,35,36,34,33,46,35,25,20,25,31,26,0,0,50 高雄市,3 師範,105
48,14,國立高雄師範大學,D 日,M 碩士,155,269,172,240,101,170,65,144,16,18,2,8,0,3,0,0,50 高雄市,3 師範,105
49,14,國立高雄師範大學,D 日,B 學士,428,442,410,441,398,442,395,451,0,0,0,0,0,0,62,56,50 高雄市,3 師範,105
50,14,國立高雄師範大學,N 職,M 碩士,149,232,113,261,83,167,37,74,23,42,24,48,0,0,0,0,50 高雄市,3 師範,105
51,15,國立彰化師範大學,D 日,D 博士,52,31,47,41,50,27,44,30,34,27,31,25,26,17,0,0,07 彰化縣,3 師範,105
52,15,國立彰化師範大學,D 日,M 碩士,290,244,292,258,129,168,65,102,0,0,0,0,0,0,0,0,07 彰化縣,3 師範,105
53,15,國立彰化師範大學,D 日,B 學士,599,593,610,541,595,574,589,582,0,0,0,0,0,0,125,56,07 彰化縣,3 師範,105
54,15,國立彰化師範大學,N 職,M 碩士,190,262,199,253,59,76,42,63,25,25,54,50,0,0,0,0,07 彰化縣,3 師範,105
55,16,國立陽明大學,D 日,D 博士,117,58,88,57,92,58,61,65,69,46,60,44,72,43,0,0,30 臺北市,1 一般,105
56,16,國立陽明大學,D 日,M 碩士,213,301,180,255,70,79,23,21,1,5,0,0,0,0,0,0,30 臺北市,1 一般,105
57,16,國立陽明大學,D 日,B 學士,219,193,205,186,211,190,208,199,115,63,111,67,75,47,21,11,30 臺北市,1 一般,105
58,16,國立陽明大學,N 職,M 碩士,20,36,15,33,3,14,3,4,2,6,0,0,0,0,0,0,30 臺北市,1 一般,105
59,17,國立臺北大學,D 日,D 博士,28,11,20,16,16,10,26,8,14,7,12,6,12,6,0,0,01 新北市,1 一般,105
60,17,國立臺北大學,D 日,M 碩士,258,241,231,237,114,102,63,71,3,4,0,0,0,0,0,0,01 新北市,1 一般,105
61,17,國立臺北大學,D 日,B 學士,659,758,670,739,588,813,610,764,0,0,0,0,0,0,138,139,01 新北市,1 一般,105
62,17,國立臺北大學,N 職,M 碩士,80,108,74,90,38,32,6,21,12,9,0,0,0,0,0,0,01 新北市,1 一般,105
63,17,國立臺北大學,N 修,X 4+X,0,1,0,0,0,0,0,0,0,0,0,0,0,0,0,0,01 新北市,1 一般,105
64,17,國立臺北大學,P 進,B 學士,196,326,197,323,133,199,141,187,5,35,0,0,0,0,72,88,01 新北市,1 一般,105
65,18,國立嘉義大學,D 日,D 博士,24,11,17,16,16,15,13,10,9,8,6,13,15,18,0,0,20 嘉義市,1 一般,105
66,18,國立嘉義大學,D 日,M 碩士,258,271,223,239,151,118,87,95,0,0,0,0,0,0,0,0,20 嘉義市,1 一般,105
67,18,國立嘉義大學,D 日,B 學士,974,900,994,934,964,932,937,956,26,24,0,0,0,0,137,62,20 嘉義市,1 一般,105
68,18,國立嘉義大學,N 職,M 碩士,127,191,114,187,104,125,61,61,0,0,0,0,0,1,0,0,20 嘉義市,1 一般,105
69,18,國立嘉義大學,P 進,B 學士,345,198,334,212,246,221,229,225,0,0,0,0,0,0,66,25,20 嘉義市,1 一般,105
70,19,國立高雄大學,D 日,D 博士,7,0,4,0,1,0,4,1,2,1,1,0,1,0,0,0,50 高雄市,1 一般,105
71,19,國立高雄大學,D 日,M 碩士,196,79,154,76,54,27,41,12,0,0,0,0,0,0,0,0,50 高雄市,1 一般,105
72,19,國立高雄大學,D 日,B 學士,620,431,585,441,565,457,577,420,0,0,0,0,0,0,106,41,50 高雄市,1 一般,105
73,19,國立高雄大學,N 職,M 碩士,101,75,76,52,37,13,27,10,17,8,13,13,0,0,0,0,50 高雄市,1 一般,105
74,19,國立高雄大學,N 修,C 二技,0,0,0,0,35,29,34,16,0,0,0,0,0,0,35,16,50 高雄市,2 技職,105
75,20,國立東華大學,D 日,D 博士,43,21,26,29,52,24,28,15,32,15,20,10,22,21,0,0,15 花蓮縣,1 一般,105
76,20,國立東華大學,D 日,M 碩士,300,224,324,272,161,128,122,118,10,8,1,5,0,0,0,0,15 花蓮縣,1 一般,105
77,20,國立東華大學,D 日,B 學士,848,954,903,924,905,934,804,920,0,0,0,0,0,0,256,149,15 花蓮縣,1 一般,105
78,20,國立東華大學,N 職,M 碩士,104,115,78,96,34,53,28,46,12,13,12,26,0,0,0,0,15 花蓮縣,1 一般,105
79,21,國立暨南國際大學,D 日,D 博士,42,30,21,25,23,27,30,19,23,17,36,26,18,10,0,0,08 南投縣,1 一般,105
80,21,國立暨南國際大學,D 日,M 碩士,171,147,181,141,99,91,72,85,0,0,0,0,0,0,0,0,08 南投縣,1 一般,105
81,21,國立暨南國際大學,D 日,B 學士,533,638,564,592,525,579,449,536,0,0,0,0,0,0,97,59,08 南投縣,1 一般,105
82,21,國立暨南國際大學,N 職,M 碩士,90,94,79,71,31,30,17,14,4,7,4,6,0,0,0,0,08 南投縣,1 一般,105
83,22,國立臺灣科技大學,D 日,D 博士,205,63,153,44,121,36,111,30,75,17,68,12,35,7,0,0,30 臺北市,2 技職,105
84,22,國立臺灣科技大學,D 日,M 碩士,1155,480,943,397,205,93,58,21,0,0,0,0,0,0,0,0,30 臺北市,2 技職,105
85,22,國立臺灣科技大學,D 日,B 四技,1004,399,927,443,861,393,862,376,0,0,0,0,0,0,169,59,30 臺北市,2 技職,105
86,22,國立臺灣科技大學,D 日,C 二技,0,0,0,0,25,39,13,42,0,0,0,0,0,0,2,3,30 臺北市,2 技職,105
87,22,國立臺灣科技大學,D 日,X 4+X,0,0,0,1,0,0,0,0,0,0,0,0,0,0,0,0,30 臺北市,2 技職,105
88,22,國立臺灣科技大學,N 職,D 博士,0,0,0,0,0,0,1,0,0,0,1,0,10,1,0,0,30 臺北市,2 技職,105
89,22,國立臺灣科技大學,N 職,M 碩士,199,109,184,95,64,23,54,10,5,0,1,0,0,0,0,0,30 臺北市,2 技職,105
90,22,國立臺灣科技大學,N 修,C 二技,0,0,0,0,0,0,1,10,0,0,0,0,0,0,6,8,30 臺北市,2 技職,105
91,23,國立雲林科技大學,D 日,D 博士,59,29,50,28,52,25,43,21,38,21,25,11,30,19,0,0,09 雲林縣,2 技職,105
92,23,國立雲林科技大學,D 日,M 碩士,544,291,508,301,163,111,58,47,0,0,0,0,0,0,0,0,09 雲林縣,2 技職,105
93,23,國立雲林科技大學,D 日,B 四技,986,622,930,632,904,596,840,582,0,0,0,0,0,0,118,72,09 雲林縣,2 技職,105
94,23,國立雲林科技大學,D 日,C 二技,0,0,0,0,42,65,36,63,0,0,0,0,0,0,10,13,09 雲林縣,2 技職,105
95,23,國立雲林科技大學,N 職,M 碩士,199,150,131,105,65,47,25,23,12,10,0,0,0,0,0,0,09 雲林縣,2 技職,105
96,24,國立屏東科技大學,D 日,D 博士,33,18,37,13,22,14,22,13,19,13,15,8,22,6,0,0,13 屏東縣,2 技職,105
97,24,國立屏東科技大學,D 日,M 碩士,304,220,274,176,103,92,35,20,3,0,1,2,0,0,0,0,13 屏東縣,2 技職,105
98,24,國立屏東科技大學,D 日,B 四技,988,879,969,942,974,933,964,884,40,58,0,0,0,0,129,58,13 屏東縣,2 技職,105
99,24,國立屏東科技大學,D 日,C 二技,0,0,0,0,1,5,0,0,0,0,0,0,0,0,1,0,13 屏東縣,2 技職,105
100,24,國立屏東科技大學,N 職,M 碩士,108,82,104,51,47,13,24,7,16,7,9,3,0,0,0,0,13 屏東縣,2 技職,105
101,24,國立屏東科技大學,N 修,B 四技,203,152,211,199,171,152,193,208,0,0,0,0,0,0,50,30,13 屏東縣,2 技職,105
102,25,國立臺北科技大學,D 日,D 博士,87,21,107,25,92,25,72,22,75,15,52,23,64,15,0,0,30 臺北市,2 技職,105
103,25,國立臺北科技大學,D 日,M 碩士,963,279,901,295,163,63,40,30,0,0,0,0,0,0,0,0,30 臺北市,2 技職,105
104,25,國立臺北科技大學,D 日,B 四技,1086,468,1047,416,996,455,1009,434,0,0,0,0,0,0,27,2,30 臺北市,2 技職,105
105,25,國立臺北科技大學,D 日,C 二技,0,0,0,0,16,22,7,4,0,0,0,0,0,0,0,0,30 臺北市,2 技職,105
106,25,國立臺北科技大學,N 職,M 碩士,396,162,366,125,184,48,96,32,14,1,0,0,0,0,0,0,30 臺北市,2 技職,105
107,25,國立臺北科技大學,N 修,B 四技,394,81,291,43,227,44,77,2,0,0,0,0,0,0,0,0,30 臺北市,2 技職,105
108,25,國立臺北科技大學,N 修,C 二技,0,0,0,0,130,83,172,100,14,16,0,0,0,0,40,12,30 臺北市,2 技職,105
109,26,國立高雄第一科技大學,D 日,D 博士,32,9,31,9,35,7,21,9,19,8,24,4,16,3,0,0,12 高雄市,2 技職,105
110,26,國立高雄第一科技大學,D 日,M 碩士,298,170,264,176,65,37,34,20,0,0,1,0,0,0,0,0,12 高雄市,2 技職,105
111,26,國立高雄第一科技大學,D 日,B 四技,751,684,650,669,661,682,636,649,0,0,0,0,0,0,100,59,12 高雄市,2 技職,105
112,26,國立高雄第一科技大學,D 日,C 二技,0,0,0,0,31,62,19,54,0,0,0,0,0,0,2,13,12 高雄市,2 技職,105
113,26,國立高雄第一科技大學,N 職,M 碩士,169,96,161,75,85,17,54,16,22,5,13,3,0,0,0,0,12 高雄市,2 技職,105
114,27,國立高雄應用科技大學,D 日,D 博士,40,15,60,11,33,10,38,3,26,3,21,2,12,2,0,0,50 高雄市,2 技職,105
115,27,國立高雄應用科技大學,D 日,M 碩士,434,151,415,144,81,30,32,15,0,0,0,0,0,0,0,0,50 高雄市,2 技職,105
116,27,國立高雄應用科技大學,D 日,B 四技,1191,633,1173,629,1117,667,1103,695,0,0,0,0,0,0,178,42,50 高雄市,2 技職,105
117,27,國立高雄應用科技大學,D 日,C 二技,0,0,0,0,36,17,36,12,0,0,0,0,0,0,1,2,50 高雄市,2 技職,105
118,27,國立高雄應用科技大學,N 職,M 碩士,302,218,278,185,122,33,33,8,11,2,4,1,0,0,0,0,50 高雄市,2 技職,105
119,27,國立高雄應用科技大學,N 修,B 四技,254,111,218,118,169,76,171,68,0,0,0,0,0,0,61,17,50 高雄市,2 技職,105
120,27,國立高雄應用科技大學,N 修,C 二技,0,0,0,0,96,108,104,126,0,0,0,0,0,0,9,6,50 高雄市,2 技職,105
121,28,國立臺北藝術大學,D 日,D 博士,6,15,2,12,5,8,4,7,5,8,1,3,1,4,0,0,30 臺北市,1 一般,105
122,28,國立臺北藝術大學,D 日,M 碩士,94,180,82,179,74,163,66,119,0,0,0,0,0,0,0,0,30 臺北市,1 一般,105
123,28,國立臺北藝術大學,D 日,B 學士,125,269,141,260,119,257,130,273,0,0,0,0,0,0,77,105,30 臺北市,1 一般,105
124,28,國立臺北藝術大學,D 日,X 4+X,16,30,1,10,0,0,0,0,0,0,0,0,0,0,0,0,30 臺北市,1 一般,105
125,28,國立臺北藝術大學,D 日,5 五專,14,16,14,14,13,16,0,0,0,0,0,0,0,0,0,0,30 臺北市,1 一般,105
126,28,國立臺北藝術大學,N 職,M 碩士,21,37,17,37,16,16,5,15,6,8,0,0,0,0,0,0,30 臺北市,1 一般,105
127,29,國立臺灣藝術大學,D 日,D 博士,12,16,10,7,11,10,5,7,4,5,3,3,3,4,0,0,01 新北市,1 一般,105
128,29,國立臺灣藝術大學,D 日,M 碩士,80,155,79,129,68,118,61,68,0,0,0,0,0,0,0,0,01 新北市,1 一般,105
129,29,國立臺灣藝術大學,D 日,B 學士,153,405,147,405,162,389,151,374,0,0,0,0,0,0,82,156,01 新北市,1 一般,105
130,29,國立臺灣藝術大學,N 職,M 碩士,58,63,53,73,43,64,19,48,5,26,2,7,0,0,0,0,01 新北市,1 一般,105
131,29,國立臺灣藝術大學,N 修,C 二技,0,0,0,0,42,114,38,114,0,0,0,0,0,0,11,45,01 新北市,2 技職,105
132,29,國立臺灣藝術大學,P 進,B 學士,127,244,107,260,110,233,120,239,0,0,0,0,0,0,43,92,01 新北市,1 一般,105
133,30,國立臺東大學,D 日,D 博士,1,6,4,4,3,4,2,2,0,4,1,4,4,1,0,0,14 臺東縣,1 一般,105
134,30,國立臺東大學,D 日,M 碩士,54,53,43,69,10,34,13,29,0,1,0,0,0,0,0,0,14 臺東縣,1 一般,105
135,30,國立臺東大學,D 日,B 學士,420,440,433,460,403,439,377,435,0,0,0,0,0,0,95,44,14 臺東縣,1 一般,105
136,30,國立臺東大學,N 職,M 碩士,59,138,76,169,23,57,8,27,5,5,2,10,1,0,0,0,14 臺東縣,1 一般,105
137,30,國立臺東大學,P 進,B 學士,19,24,15,16,20,18,26,21,0,0,0,0,0,0,11,5,14 臺東縣,1 一般,105
138,31,國立宜蘭大學,D 日,D 博士,2,0,1,0,2,1,0,0,2,0,2,0,0,0,0,0,02 宜蘭縣,1 一般,105
139,31,國立宜蘭大學,D 日,M 碩士,140,67,122,52,58,18,16,4,0,0,0,0,0,0,0,0,02 宜蘭縣,1 一般,105
140,31,國立宜蘭大學,D 日,B 學士,730,379,710,389,652,405,646,380,0,0,0,0,0,0,87,26,02 宜蘭縣,1 一般,105
141,31,國立宜蘭大學,N 職,M 碩士,49,31,47,15,26,6,14,1,7,0,1,1,0,0,0,0,02 宜蘭縣,1 一般,105
142,31,國立宜蘭大學,P 進,B 學士,55,36,67,30,66,28,54,34,0,0,0,0,0,0,25,3,02 宜蘭縣,1 一般,105
143,32,國立聯合大學,D 日,D 博士,3,0,3,0,1,0,1,0,1,0,0,0,0,0,0,0,05 苗栗縣,1 一般,105
144,32,國立聯合大學,D 日,M 碩士,124,61,124,39,35,16,11,7,0,1,0,0,0,0,0,0,05 苗栗縣,1 一般,105
145,32,國立聯合大學,D 日,B 學士,1023,463,1038,451,1001,469,982,429,21,20,0,0,0,0,195,33,05 苗栗縣,1 一般,105
146,32,國立聯合大學,P 進,B 學士,209,140,205,127,161,117,151,105,0,0,0,0,0,0,72,36,05 苗栗縣,1 一般,105
147,33,國立虎尾科技大學,D 日,D 博士,5,1,4,2,4,0,4,2,0,1,3,0,1,0,0,0,09 雲林縣,2 技職,105
148,33,國立虎尾科技大學,D 日,M 碩士,350,74,283,67,55,10,19,2,0,0,0,0,0,0,0,0,09 雲林縣,2 技職,105
149,33,國立虎尾科技大學,D 日,B 四技,1362,427,1336,438,1260,475,1297,464,0,0,0,0,0,0,222,35,09 雲林縣,2 技職,105
150,33,國立虎尾科技大學,D 日,C 二技,0,0,0,0,70,20,59,19,0,0,0,0,0,0,2,0,09 雲林縣,2 技職,105
151,33,國立虎尾科技大學,N 職,M 碩士,48,24,73,28,11,4,8,4,9,2,0,0,0,0,0,0,09 雲林縣,2 技職,105
152,33,國立虎尾科技大學,N 修,B 四技,423,80,258,64,212,65,175,62,0,0,0,0,0,0,48,12,09 雲林縣,2 技職,105
153,33,國立虎尾科技大學,N 修,C 二技,0,0,0,0,25,24,28,29,0,0,0,0,0,0,2,0,09 雲林縣,2 技職,105
154,34,國立高雄海洋科技大學,D 日,D 博士,8,4,5,0,3,0,0,0,0,0,0,0,0,0,0,0,50 高雄市,2 技職,105
155,34,國立高雄海洋科技大學,D 日,M 碩士,87,55,99,53,25,6,9,4,0,0,0,0,0,0,0,0,50 高雄市,2 技職,105
156,34,國立高雄海洋科技大學,D 日,B 四技,731,405,716,407,679,423,678,403,0,0,0,0,0,0,156,37,50 高雄市,2 技職,105
157,34,國立高雄海洋科技大學,D 日,C 二技,0,0,0,0,87,19,63,15,0,0,0,0,0,0,29,8,50 高雄市,2 技職,105
158,34,國立高雄海洋科技大學,D 日,X 4+X,31,1,0,0,0,0,0,0,0,0,0,0,0,0,3,0,50 高雄市,2 技職,105
159,34,國立高雄海洋科技大學,D 日,5 五專,86,16,83,16,80,20,79,14,89,9,0,0,0,0,24,0,50 高雄市,2 技職,105
160,34,國立高雄海洋科技大學,N 職,M 碩士,51,20,43,24,11,6,11,0,0,0,0,0,0,0,0,0,50 高雄市,2 技職,105
161,34,國立高雄海洋科技大學,N 修,B 四技,319,133,262,144,249,164,248,154,0,0,0,0,0,0,105,29,50 高雄市,2 技職,105
162,35,國立臺南藝術大學,D 日,D 博士,3,2,3,2,1,3,6,0,1,3,2,2,2,5,0,0,11 臺南市,1 一般,105
163,35,國立臺南藝術大學,D 日,M 碩士,49,111,51,87,44,74,42,73,0,1,1,0,1,0,0,0,11 臺南市,1 一般,105
164,35,國立臺南藝術大學,D 日,B 學士,58,139,51,126,48,120,44,124,0,0,0,0,0,0,12,33,11 臺南市,1 一般,105
165,35,國立臺南藝術大學,D 日,5 五專,24,34,25,30,22,27,0,0,0,0,0,0,0,0,0,0,11 臺南市,1 一般,105
166,35,國立臺南藝術大學,N 職,M 碩士,3,10,5,7,2,4,0,1,2,5,2,1,0,1,0,0,11 臺南市,1 一般,105
167,36,國立臺南大學,D 日,D 博士,12,22,12,15,14,11,19,17,5,13,9,6,7,10,0,0,21 臺南市,1 一般,105
168,36,國立臺南大學,D 日,M 碩士,164,175,150,166,90,102,47,88,1,3,1,2,1,0,0,0,21 臺南市,1 一般,105
169,36,國立臺南大學,D 日,B 學士,444,497,444,515,416,518,417,504,0,0,0,0,0,0,90,55,21 臺南市,1 一般,105
170,36,國立臺南大學,N 職,M 碩士,93,144,71,154,49,77,28,62,3,7,2,5,0,2,0,0,21 臺南市,1 一般,105
171,36,國立臺南大學,P 進,B 學士,3,10,11,12,3,15,20,33,0,0,0,0,0,0,8,5,21 臺南市,1 一般,105
172,37,國立臺北教育大學,D 日,D 博士,10,14,13,14,10,12,6,10,8,5,7,5,9,14,0,0,30 臺北市,3 師範,105
173,37,國立臺北教育大學,D 日,M 碩士,130,241,132,234,63,157,61,119,2,3,0,0,0,0,0,0,30 臺北市,3 師範,105
174,37,國立臺北教育大學,D 日,B 學士,291,534,268,531,279,524,258,532,0,0,0,0,0,0,68,79,30 臺北市,3 師範,105
175,37,國立臺北教育大學,N 職,M 碩士,83,272,80,232,29,122,30,94,9,10,19,34,0,0,0,0,30 臺北市,3 師範,105
176,38,國立清華大學南大校區(原：國立新竹教育大學),D 日,D 博士,7,9,8,6,4,7,4,9,2,6,5,5,12,7,0,0,18 新竹市,3 師範,105
177,38,國立清華大學南大校區(原：國立新竹教育大學),D 日,M 碩士,76,187,81,157,42,107,30,83,8,10,2,5,0,0,0,0,18 新竹市,3 師範,105
178,38,國立清華大學南大校區(原：國立新竹教育大學),D 日,B 學士,214,441,183,469,182,451,173,441,0,0,0,0,0,0,31,52,18 新竹市,3 師範,105
179,38,國立清華大學南大校區(原：國立新竹教育大學),N 職,M 碩士,19,144,26,121,19,90,8,24,11,25,7,18,5,48,0,0,18 新竹市,3 師範,105
180,39,國立臺中教育大學,D 日,D 博士,7,13,10,11,12,10,6,12,6,6,4,8,11,10,0,0,19 臺中市,3 師範,105
181,39,國立臺中教育大學,D 日,M 碩士,107,180,83,174,50,102,30,76,6,8,3,4,0,0,0,0,19 臺中市,3 師範,105
182,39,國立臺中教育大學,D 日,B 學士,288,513,284,529,301,532,258,547,0,0,0,0,0,0,60,35,19 臺中市,3 師範,105
183,39,國立臺中教育大學,N 職,M 碩士,57,183,34,186,38,96,19,44,11,20,17,20,0,0,0,0,19 臺中市,3 師範,105
184,42,國立澎湖科技大學,D 日,M 碩士,22,17,12,13,8,5,0,2,0,0,0,0,0,0,0,0,16 澎湖縣,2 技職,105
185,42,國立澎湖科技大學,D 日,B 四技,390,304,375,256,358,243,327,266,0,0,0,0,0,0,30,19,16 澎湖縣,2 技職,105
186,42,國立澎湖科技大學,N 職,M 碩士,16,5,10,9,1,0,1,0,0,0,0,0,0,0,0,0,16 澎湖縣,2 技職,105
187,42,國立澎湖科技大學,N 修,B 四技,40,48,32,50,34,43,33,42,0,0,0,0,0,0,6,1,16 澎湖縣,2 技職,105
188,43,國立勤益科技大學,D 日,D 博士,2,1,2,1,3,0,3,0,3,0,0,0,0,0,0,0,06 臺中市,2 技職,105
189,43,國立勤益科技大學,D 日,M 碩士,202,49,213,54,60,14,20,2,0,0,0,0,0,0,0,0,06 臺中市,2 技職,105
190,43,國立勤益科技大學,D 日,B 四技,1113,514,1147,556,1078,512,1101,458,0,0,0,0,0,0,169,38,06 臺中市,2 技職,105
191,43,國立勤益科技大學,D 日,C 二技,0,0,0,0,27,3,36,1,0,0,0,0,0,0,2,0,06 臺中市,2 技職,105
192,43,國立勤益科技大學,D 日,2 二專,0,0,0,0,0,0,0,0,0,0,0,0,0,0,1,0,06 臺中市,2 技職,105
193,43,國立勤益科技大學,N 職,M 碩士,85,21,75,23,32,0,8,1,10,1,1,2,0,0,0,0,06 臺中市,2 技職,105
194,43,國立勤益科技大學,N 修,B 四技,785,150,659,161,640,170,666,157,0,0,0,0,0,0,134,22,06 臺中市,2 技職,105
195,43,國立勤益科技大學,N 修,C 二技,0,0,0,0,19,2,18,4,0,0,0,0,0,0,4,0,06 臺中市,2 技職,105
196,44,國立體育大學,D 日,D 博士,18,10,21,7,14,6,12,6,10,9,8,6,3,4,0,0,03 桃園市,1 一般,105
197,44,國立體育大學,D 日,M 碩士,74,57,52,69,41,24,28,15,0,0,0,0,0,0,0,0,03 桃園市,1 一般,105
198,44,國立體育大學,D 日,B 學士,238,155,261,140,230,148,196,139,0,0,0,0,0,0,100,34,03 桃園市,1 一般,105
199,44,國立體育大學,N 職,M 碩士,39,40,33,40,12,7,10,7,5,1,1,1,0,0,0,0,03 桃園市,1 一般,105
200,44,國立體育大學,N 修,C 二年制,0,0,0,0,31,17,18,14,0,0,0,0,0,0,18,8,03 桃園市,1 一般,105
201,46,國立臺北護理健康大學,D 日,D 博士,1,11,0,12,0,13,0,11,0,10,0,4,0,3,0,0,30 臺北市,2 技職,105
202,46,國立臺北護理健康大學,D 日,M 碩士,36,154,30,135,13,108,6,83,0,0,0,0,0,0,0,0,30 臺北市,2 技職,105
203,46,國立臺北護理健康大學,D 日,B 四技,176,539,154,505,150,438,117,388,0,0,0,0,0,0,15,29,30 臺北市,2 技職,105
204,46,國立臺北護理健康大學,D 日,C 二技,0,0,0,0,18,372,13,352,0,0,0,0,0,0,2,9,30 臺北市,2 技職,105
205,46,國立臺北護理健康大學,D 日,X 4+X,0,0,7,13,0,0,0,0,0,0,0,0,0,0,1,1,30 臺北市,2 技職,105
206,46,國立臺北護理健康大學,N 職,M 碩士,13,54,11,39,3,41,3,11,0,0,0,0,0,0,0,0,30 臺北市,2 技職,105
207,46,國立臺北護理健康大學,N 修,C 二技,0,0,0,0,4,246,4,210,6,223,0,0,0,0,0,32,30 臺北市,2 技職,105
208,47,國立高雄餐旅大學,D 日,D 博士,4,2,3,1,1,5,1,1,4,1,1,1,0,0,0,0,50 高雄市,2 技職,105
209,47,國立高雄餐旅大學,D 日,M 碩士,20,46,25,55,6,16,2,3,0,0,0,0,0,0,0,0,50 高雄市,2 技職,105
210,47,國立高雄餐旅大學,D 日,B 四技,235,582,220,578,211,589,192,582,0,0,0,0,0,0,9,11,50 高雄市,2 技職,105
211,47,國立高雄餐旅大學,D 日,C 二技,0,0,0,0,14,37,8,37,0,0,0,0,0,0,0,2,50 高雄市,2 技職,105
212,47,國立高雄餐旅大學,D 日,5 五專,21,29,20,31,17,32,9,25,13,12,0,0,0,0,0,0,50 高雄市,2 技職,105
213,47,國立高雄餐旅大學,N 職,M 碩士,17,13,17,15,2,5,0,4,1,0,0,0,0,0,0,0,50 高雄市,2 技職,105
214,47,國立高雄餐旅大學,N 修,B 四技,75,165,54,168,58,175,59,166,0,0,0,0,0,0,2,6,50 高雄市,2 技職,105
215,47,國立高雄餐旅大學,N 修,C 二技,0,0,0,0,37,121,35,99,0,0,0,0,0,0,1,5,50 高雄市,2 技職,105
216,47,國立高雄餐旅大學,N 修,X 4+X,13,26,1,1,0,0,0,0,0,0,0,0,0,0,0,0,50 高雄市,2 技職,105
217,47,國立高雄餐旅大學,N 修,2 二專,49,87,32,89,0,0,0,0,0,0,0,0,0,0,9,10,50 高雄市,2 技職,105
218,48,國立金門大學,D 日,M 碩士,53,31,41,27,21,16,9,3,0,0,0,0,0,0,0,0,71 金門縣,1 一般,105
219,48,國立金門大學,D 日,B 學士,410,408,418,405,431,403,338,418,28,18,0,0,0,0,100,39,71 金門縣,1 一般,105
220,48,國立金門大學,N 職,M 碩士,16,9,20,4,15,1,0,0,0,0,0,0,0,0,0,0,71 金門縣,1 一般,105
221,48,國立金門大學,P 進,B 學士,123,105,115,84,110,77,87,71,0,0,0,0,0,0,38,23,71 金門縣,1 一般,105
222,49,國立臺灣體育運動大學,D 日,M 碩士,51,43,41,43,34,21,19,15,1,4,1,1,0,0,0,0,19 臺中市,1 一般,105
223,49,國立臺灣體育運動大學,D 日,B 學士,350,241,338,229,315,228,283,219,0,0,0,0,0,0,148,52,19 臺中市,1 一般,105
224,49,國立臺灣體育運動大學,N 職,M 碩士,26,11,21,14,11,5,7,1,0,1,0,0,0,0,0,0,19 臺中市,1 一般,105
225,49,國立臺灣體育運動大學,P 進,B 學士,70,29,54,20,56,22,48,20,0,0,0,0,0,0,26,4,19 臺中市,1 一般,105
226,50,國立臺中科技大學,D 日,M 碩士,77,92,66,81,19,29,12,8,0,0,0,0,0,0,0,0,19 臺中市,2 技職,105
227,50,國立臺中科技大學,D 日,B 四技,423,972,357,1006,341,860,318,827,0,0,0,0,0,0,62,54,19 臺中市,2 技職,105
228,50,國立臺中科技大學,D 日,C 二技,0,0,0,0,146,578,129,645,0,0,0,0,0,0,18,69,19 臺中市,2 技職,105
229,50,國立臺中科技大學,D 日,2 二專,0,0,0,0,0,0,0,0,0,0,0,0,0,0,0,2,19 臺中市,2 技職,105
230,50,國立臺中科技大學,D 日,5 五專,152,524,133,575,158,623,120,610,155,596,0,0,0,0,13,28,19 臺中市,2 技職,105
231,50,國立臺中科技大學,N 職,M 碩士,36,43,25,41,6,6,2,1,3,1,0,0,0,0,0,0,19 臺中市,2 技職,105
232,50,國立臺中科技大學,N 修,B 四技,194,319,174,341,186,357,143,359,0,0,0,0,0,0,42,59,19 臺中市,2 技職,105
233,50,國立臺中科技大學,N 修,C 二技,0,0,0,0,39,147,52,106,0,0,0,0,0,0,12,22,19 臺中市,2 技職,105
234,50,國立臺中科技大學,N 修,2 二專,3,65,9,69,0,0,0,0,0,0,0,0,0,0,2,15,19 臺中市,2 技職,105
235,51,國立臺北商業大學,D 日,M 碩士,35,39,27,36,7,4,2,1,0,0,0,0,0,0,0,0,30 臺北市,2 技職,105
236,51,國立臺北商業大學,D 日,B 四技,173,422,139,409,165,379,123,374,0,0,0,0,0,0,14,50,30 臺北市,2 技職,105
237,51,國立臺北商業大學,D 日,C 二技,0,0,0,0,66,321,70,308,0,0,0,0,0,0,6,17,30 臺北市,2 技職,105
238,51,國立臺北商業大學,D 日,5 五專,85,271,111,292,114,287,87,300,94,280,0,0,0,0,18,46,30 臺北市,2 技職,105
239,51,國立臺北商業大學,N 職,M 碩士,4,7,8,3,0,2,0,1,0,0,0,0,0,0,0,0,30 臺北市,2 技職,105
240,51,國立臺北商業大學,N 修,B 四技,49,126,59,104,31,117,42,109,0,0,0,0,0,0,9,14,30 臺北市,2 技職,105
241,51,國立臺北商業大學,N 修,C 二技,0,0,0,0,118,298,130,314,0,0,0,0,0,0,15,29,30 臺北市,2 技職,105
242,51,國立臺北商業大學,N 修,X 4+X,4,5,0,0,0,0,0,0,0,0,0,0,0,0,0,0,30 臺北市,2 技職,105
243,51,國立臺北商業大學,N 修,2 二專,0,0,0,1,4,3,0,0,0,0,0,0,0,0,20,16,30 臺北市,2 技職,105
244,52,國立屏東大學,D 日,D 博士,4,3,2,8,7,3,5,0,5,3,3,2,2,0,0,0,13 屏東縣,1 一般,105
245,52,國立屏東大學,D 日,M 碩士,150,196,119,149,56,113,46,94,0,0,0,0,0,0,0,0,13 屏東縣,1 一般,105
246,52,國立屏東大學,D 日,B 學士,679,971,625,1061,646,988,630,952,0,0,0,0,0,0,99,90,13 屏東縣,1 一般,105
247,52,國立屏東大學,N 職,M 碩士,44,152,40,108,23,80,12,31,12,37,2,3,0,0,0,0,13 屏東縣,1 一般,105
248,52,國立屏東大學,P 進,B 學士,92,97,42,58,59,75,46,81,0,0,0,0,0,0,28,37,13 屏東縣,1 一般,105
249,144,國立臺灣戲曲學院,D 日,B 四技,54,101,44,90,41,78,37,75,0,0,0,0,0,0,19,9,30 臺北市,2 技職,105
250,144,國立臺灣戲曲學院,N 修,B 四技,7,12,14,8,7,8,8,15,0,0,0,0,0,0,0,0,30 臺北市,2 技職,105
251,221,國立臺南護理專科學校,D 日,2 二專,2,43,4,48,0,0,0,0,0,0,0,0,0,0,0,0,21 臺南市,2 技職,105
252,221,國立臺南護理專科學校,D 日,5 五專,23,341,23,344,28,325,25,324,11,316,0,0,0,0,2,12,21 臺南市,2 技職,105
253,221,國立臺南護理專科學校,N 修,2 二專,4,30,5,30,0,0,0,0,0,0,0,0,0,0,0,4,21 臺南市,2 技職,105
254,222,國立臺東專科學校,D 日,2 二專,214,78,153,82,0,0,0,0,0,0,0,0,0,0,9,3,14 臺東縣,2 技職,105
255,222,國立臺東專科學校,D 日,5 五專,48,78,78,64,51,54,62,67,56,50,0,0,0,0,8,7,14 臺東縣,2 技職,105
256,222,國立臺東專科學校,N 修,2 二專,27,24,24,20,0,0,0,0,0,0,0,0,0,0,4,2,14 臺東縣,2 技職,105
257,1001,東海大學,D 日,D 博士,21,18,25,18,15,16,21,8,23,15,10,13,18,14,0,0,19 臺中市,1 一般,105
258,1001,東海大學,D 日,M 碩士,248,218,213,200,159,132,68,62,26,28,16,13,0,0,0,0,19 臺中市,1 一般,105
259,1001,東海大學,D 日,B 學士,1484,1766,1562,1837,1459,1813,1364,1833,22,11,0,0,0,0,355,232,19 臺中市,1 一般,105
260,1001,東海大學,N 職,M 碩士,93,110,105,118,66,58,39,31,28,34,13,20,0,0,0,0,19 臺中市,1 一般,105
261,1001,東海大學,P 進,B 學士,49,55,62,65,81,59,56,47,39,43,0,0,0,0,19,6,19 臺中市,1 一般,105
262,1002,輔仁大學,D 日,D 博士,35,34,39,31,40,29,27,26,30,29,25,16,44,33,0,0,01 新北市,1 一般,105
263,1002,輔仁大學,D 日,M 碩士,321,425,284,386,182,187,162,273,2,10,3,3,0,0,0,0,01 新北市,1 一般,105
264,1002,輔仁大學,D 日,B 學士,1844,2442,1878,2577,1783,2495,1628,2524,36,13,35,9,29,13,509,466,01 新北市,1 一般,105
265,1002,輔仁大學,N 職,M 碩士,219,329,194,274,77,135,69,90,39,74,60,70,0,0,0,0,01 新北市,1 一般,105
266,1002,輔仁大學,N 修,C 二技,0,0,0,0,2,28,0,33,0,0,0,0,0,0,0,2,01 新北市,2 技職,105
267,1002,輔仁大學,P 進,B 學士,481,716,424,733,372,722,377,659,0,0,0,0,0,0,178,232,01 新北市,1 一般,105
268,1003,東吳大學,D 日,D 博士,14,9,9,11,10,9,11,5,5,7,3,9,11,3,0,0,30 臺北市,1 一般,105
269,1003,東吳大學,D 日,M 碩士,164,235,160,199,122,135,123,108,0,0,0,0,0,0,0,0,30 臺北市,1 一般,105
270,1003,東吳大學,D 日,B 學士,1195,1719,1129,1766,1105,1721,1059,1606,107,147,0,0,0,0,327,361,30 臺北市,1 一般,105
271,1003,東吳大學,N 職,M 碩士,131,203,154,162,72,98,68,65,45,46,50,63,0,0,0,0,30 臺北市,1 一般,105
272,1003,東吳大學,P 進,B 學士,70,172,64,171,66,166,69,146,55,113,0,0,0,0,28,36,30 臺北市,1 一般,105
273,1004,中原大學,D 日,D 博士,45,24,47,17,43,10,52,16,26,9,29,13,27,6,0,0,03 桃園市,1 一般,105
274,1004,中原大學,D 日,M 碩士,451,241,369,211,142,77,94,60,0,0,0,0,0,0,0,0,03 桃園市,1 一般,105
275,1004,中原大學,D 日,B 學士,1714,1517,1834,1457,1791,1409,1618,1345,68,80,0,0,0,0,441,185,03 桃園市,1 一般,105
276,1004,中原大學,D 日,X 4+X,40,25,0,0,0,0,0,0,0,0,0,0,0,0,0,0,03 桃園市,1 一般,105
277,1004,中原大學,N 職,M 碩士,168,123,178,128,63,28,70,25,41,16,43,15,0,0,0,0,03 桃園市,1 一般,105
278,1005,淡江大學,D 日,D 博士,58,31,52,13,40,25,56,26,31,18,39,18,49,31,0,0,01 新北市,1 一般,105
279,1005,淡江大學,D 日,M 碩士,430,308,401,256,173,123,104,97,0,0,0,0,0,0,0,0,01 新北市,1 一般,105
280,1005,淡江大學,D 日,B 學士,2559,2507,2518,2513,2441,2518,2408,2433,31,26,0,0,0,0,735,359,01 新北市,1 一般,105
281,1005,淡江大學,N 職,M 碩士,187,192,208,200,99,64,56,48,30,29,29,26,0,0,0,0,01 新北市,1 一般,105
282,1005,淡江大學,N 修,C 二技,0,0,0,0,7,12,4,10,4,3,0,0,0,0,0,0,01 新北市,2 技職,105
283,1005,淡江大學,P 進,B 學士,170,157,272,292,254,203,222,235,0,0,0,0,0,0,112,67,01 新北市,1 一般,105
284,1006,中國文化大學,D 日,D 博士,54,28,37,33,44,25,43,24,44,21,48,23,57,32,0,0,30 臺北市,1 一般,105
285,1006,中國文化大學,D 日,M 碩士,283,218,240,211,174,140,159,115,2,4,0,0,0,0,0,0,30 臺北市,1 一般,105
286,1006,中國文化大學,D 日,B 學士,2444,2645,2336,2757,2288,2783,2251,2539,0,0,0,0,0,0,762,617,30 臺北市,1 一般,105
287,1006,中國文化大學,N 職,M 碩士,72,123,48,102,32,38,28,34,28,19,0,0,0,0,0,0,30 臺北市,1 一般,105
288,1006,中國文化大學,N 修,C 二技,0,0,0,0,15,15,17,23,5,5,0,0,0,0,0,0,30 臺北市,2 技職,105
289,1006,中國文化大學,P 進,B 學士,176,213,233,267,204,341,192,305,0,0,0,0,0,0,120,168,30 臺北市,1 一般,105
290,1007,逢甲大學,D 日,D 博士,70,22,62,24,44,22,39,14,45,11,28,13,27,4,0,0,19 臺中市,1 一般,105
291,1007,逢甲大學,D 日,M 碩士,516,250,476,199,116,53,43,22,0,0,0,0,0,0,0,0,19 臺中市,1 一般,105
292,1007,逢甲大學,D 日,B 學士,2575,1513,2673,1561,2506,1621,2398,1570,50,52,0,0,0,0,428,94,19 臺中市,1 一般,105
293,1007,逢甲大學,N 職,M 碩士,273,164,250,165,102,31,48,20,39,12,0,0,0,0,0,0,19 臺中市,1 一般,105
294,1007,逢甲大學,P 進,B 學士,121,90,128,125,130,109,130,100,0,0,0,0,0,0,36,24,19 臺中市,1 一般,105
295,1008,靜宜大學,D 日,D 博士,6,4,3,3,3,3,2,1,5,2,1,1,4,1,0,0,06 臺中市,1 一般,105
296,1008,靜宜大學,D 日,M 碩士,87,144,55,102,35,53,45,47,0,0,0,0,0,0,0,0,06 臺中市,1 一般,105
297,1008,靜宜大學,D 日,B 學士,1028,1615,1005,1702,1024,1676,952,1715,0,0,0,0,0,0,342,351,06 臺中市,1 一般,105
298,1008,靜宜大學,N 職,M 碩士,39,64,48,48,20,29,38,37,0,0,0,0,0,0,0,0,06 臺中市,1 一般,105
299,1008,靜宜大學,P 進,B 學士,0,0,0,0,0,0,0,0,0,0,0,0,0,0,5,5,06 臺中市,1 一般,105
300,1009,長庚大學,D 日,D 博士,64,30,54,28,60,22,49,17,45,23,33,17,82,34,0,0,03 桃園市,1 一般,105
301,1009,長庚大學,D 日,M 碩士,262,216,241,198,114,96,50,50,10,16,1,11,0,0,0,0,03 桃園市,1 一般,105
302,1009,長庚大學,D 日,B 學士,585,656,618,540,607,539,581,541,113,46,102,50,96,51,142,96,03 桃園市,1 一般,105
303,1009,長庚大學,N 職,M 碩士,30,22,32,34,22,13,17,5,15,6,10,14,0,0,0,0,03 桃園市,1 一般,105
304,1010,元智大學,D 日,D 博士,39,19,33,12,32,14,37,4,28,10,32,9,19,9,0,0,03 桃園市,1 一般,105
305,1010,元智大學,D 日,M 碩士,288,147,289,126,106,44,39,15,1,0,0,0,0,0,0,0,03 桃園市,1 一般,105
306,1010,元智大學,D 日,B 學士,1010,781,1026,748,960,759,903,773,0,0,0,0,0,0,192,95,03 桃園市,1 一般,105
307,1010,元智大學,N 職,M 碩士,152,92,144,102,90,29,49,15,44,9,30,9,0,0,0,0,03 桃園市,1 一般,105
308,1011,中華大學,D 日,D 博士,11,5,14,5,23,5,8,3,7,2,12,3,12,4,0,0,18 新竹市,1 一般,105
309,1011,中華大學,D 日,M 碩士,194,181,101,41,38,16,24,4,0,0,0,0,0,0,0,0,18 新竹市,1 一般,105
310,1011,中華大學,D 日,B 學士,719,454,995,673,897,611,927,646,0,0,0,0,0,0,325,90,18 新竹市,1 一般,105
311,1011,中華大學,N 職,M 碩士,98,65,57,17,9,4,4,3,0,0,0,0,0,0,0,0,18 新竹市,1 一般,105
312,1011,中華大學,N 修,C 二技,0,0,0,0,6,6,110,71,0,0,0,0,0,0,11,1,18 新竹市,2 技職,105
313,1011,中華大學,P 進,B 學士,58,33,34,17,20,13,27,23,0,0,0,0,0,0,12,4,18 新竹市,1 一般,105
314,1012,大葉大學,D 日,D 博士,17,8,22,4,17,3,17,3,12,4,3,2,14,2,0,0,07 彰化縣,1 一般,105
315,1012,大葉大學,D 日,M 碩士,207,166,150,75,50,39,24,23,1,0,0,0,0,0,0,0,07 彰化縣,1 一般,105
316,1012,大葉大學,D 日,B 學士,1124,1073,1126,1111,1130,1060,1177,904,0,0,0,0,0,0,225,85,07 彰化縣,1 一般,105
317,1012,大葉大學,N 職,M 碩士,111,198,38,63,14,9,13,5,4,1,2,1,0,0,0,0,07 彰化縣,1 一般,105
318,1012,大葉大學,N 修,C 二技,0,0,0,0,0,42,0,0,0,0,0,0,0,0,0,0,07 彰化縣,2 技職,105
319,1012,大葉大學,P 進,B 學士,225,165,232,169,172,127,174,83,0,0,0,0,0,0,27,15,07 彰化縣,1 一般,105
320,1013,華梵大學,D 日,D 博士,4,5,3,3,8,4,6,4,2,2,2,3,3,1,0,0,01 新北市,1 一般,105
321,1013,華梵大學,D 日,M 碩士,40,28,41,43,21,38,29,17,0,0,0,0,0,0,0,0,01 新北市,1 一般,105
322,1013,華梵大學,D 日,B 學士,221,218,311,270,288,278,293,245,0,0,0,0,0,0,79,40,01 新北市,1 一般,105
323,1013,華梵大學,N 職,M 碩士,13,54,11,42,5,13,5,9,13,3,22,6,0,0,0,0,01 新北市,1 一般,105
324,1014,義守大學,D 日,D 博士,18,5,15,7,21,5,15,3,9,4,9,2,7,2,0,0,12 高雄市,1 一般,105
325,1014,義守大學,D 日,M 碩士,115,72,124,58,66,27,21,4,0,0,0,0,0,0,0,0,12 高雄市,1 一般,105
326,1014,義守大學,D 日,B 學士,1615,1524,1592,1602,1574,1531,1543,1504,24,20,0,0,0,0,430,191,12 高雄市,1 一般,105
327,1014,義守大學,N 職,M 碩士,175,60,92,55,30,16,12,8,7,0,6,8,0,0,0,0,12 高雄市,1 一般,105
328,1014,義守大學,N 修,C 二技,0,0,0,0,19,131,24,113,0,0,0,0,0,0,2,6,12 高雄市,2 技職,105
329,1014,義守大學,P 進,B 學士,424,223,255,120,229,136,197,151,0,0,0,0,0,0,79,36,12 高雄市,1 一般,105
330,1015,世新大學,D 日,D 博士,8,8,7,7,6,9,4,7,4,3,5,3,4,3,0,0,30 臺北市,1 一般,105
331,1015,世新大學,D 日,M 碩士,103,105,93,93,63,56,76,52,0,0,0,0,0,1,0,0,30 臺北市,1 一般,105
332,1015,世新大學,D 日,B 學士,877,1556,830,1537,826,1563,872,1541,0,0,0,0,0,0,218,171,30 臺北市,1 一般,105
333,1015,世新大學,N 職,M 碩士,141,105,118,96,73,55,72,35,50,41,38,32,0,0,0,0,30 臺北市,1 一般,105
334,1015,世新大學,N 修,C 二技,0,0,0,0,9,14,5,10,0,0,0,0,0,0,1,1,30 臺北市,2 技職,105
335,1015,世新大學,P 進,B 學士,28,32,30,42,21,52,0,0,0,0,0,0,0,0,0,0,30 臺北市,1 一般,105
336,1016,銘傳大學,D 日,D 博士,10,9,4,4,4,5,5,7,4,5,5,7,3,1,0,0,30 臺北市,1 一般,105
337,1016,銘傳大學,D 日,M 碩士,144,179,118,121,72,49,43,28,0,1,0,1,0,0,0,0,30 臺北市,1 一般,105
338,1016,銘傳大學,D 日,B 學士,1689,2566,1634,2550,1579,2549,1578,2568,24,23,0,0,0,0,506,430,30 臺北市,1 一般,105
339,1016,銘傳大學,N 職,M 碩士,132,181,131,178,58,38,36,18,14,13,13,12,0,0,0,0,30 臺北市,1 一般,105
340,1017,實踐大學,D 日,D 博士,3,4,4,3,0,2,2,0,0,2,0,0,0,0,0,0,30 臺北市,1 一般,105
341,1017,實踐大學,D 日,M 碩士,54,81,55,52,48,44,34,17,0,0,0,0,0,0,0,0,30 臺北市,1 一般,105
342,1017,實踐大學,D 日,B 學士,979,2085,1057,1945,985,1943,978,1870,17,20,0,0,0,0,244,281,30 臺北市,1 一般,105
343,1017,實踐大學,N 職,M 碩士,37,34,38,29,10,11,10,22,9,3,0,0,0,0,0,0,30 臺北市,1 一般,105
344,1017,實踐大學,N 修,C 二技,0,0,0,0,11,45,9,40,0,0,0,0,0,0,2,20,30 臺北市,2 技職,105
345,1017,實踐大學,P 進,B 學士,168,387,170,406,166,349,141,377,0,0,0,0,0,0,48,109,30 臺北市,1 一般,105
346,1018,朝陽科技大學,D 日,D 博士,18,3,13,4,12,3,8,0,7,3,9,1,7,0,0,0,06 臺中市,2 技職,105
347,1018,朝陽科技大學,D 日,M 碩士,176,119,136,114,101,83,0,0,0,0,0,0,0,0,0,0,06 臺中市,2 技職,105
348,1018,朝陽科技大學,D 日,B 四技,1164,1658,1144,1621,1157,1705,1119,1675,0,0,0,0,0,0,227,152,06 臺中市,2 技職,105
349,1018,朝陽科技大學,D 日,C 二技,0,0,0,0,18,14,7,6,0,0,0,0,0,0,1,0,06 臺中市,2 技職,105
350,1018,朝陽科技大學,N 職,M 碩士,73,64,87,83,62,85,0,0,0,0,0,0,0,0,0,0,06 臺中市,2 技職,105
351,1018,朝陽科技大學,N 修,B 四技,482,410,388,348,338,356,296,363,0,0,0,0,0,0,123,97,06 臺中市,2 技職,105
352,1018,朝陽科技大學,N 修,C 二技,0,0,0,0,0,0,0,0,0,0,0,0,0,0,1,0,06 臺中市,2 技職,105
353,1019,高雄醫學大學,D 日,D 博士,31,28,32,30,26,22,27,19,30,28,23,12,14,12,0,0,50 高雄市,1 一般,105
354,1019,高雄醫學大學,D 日,M 碩士,104,177,84,137,34,65,11,26,0,2,0,0,0,0,0,0,50 高雄市,1 一般,105
355,1019,高雄醫學大學,D 日,B 學士,517,729,518,726,508,679,513,649,180,117,163,77,79,64,57,45,50 高雄市,1 一般,105
356,1019,高雄醫學大學,D 日,X 4+X,4,6,0,0,0,0,0,0,0,0,0,0,0,0,0,0,50 高雄市,1 一般,105
357,1019,高雄醫學大學,N 職,M 碩士,32,71,37,37,19,9,3,4,1,2,0,0,0,0,0,0,50 高雄市,1 一般,105
358,1019,高雄醫學大學,N 修,C 二技,0,0,0,0,0,19,1,16,4,36,0,0,0,0,0,0,50 高雄市,2 技職,105
359,1020,南華大學,D 日,D 博士,4,2,9,4,3,1,3,2,6,1,2,0,0,1,0,0,10 嘉義縣,1 一般,105
360,1020,南華大學,D 日,M 碩士,101,176,71,119,44,50,35,38,4,0,0,0,0,0,0,0,10 嘉義縣,1 一般,105
361,1020,南華大學,D 日,B 學士,497,512,531,615,494,571,409,439,0,0,0,0,0,0,124,50,10 嘉義縣,1 一般,105
362,1020,南華大學,N 職,M 碩士,63,97,44,46,16,30,14,24,24,14,0,0,0,0,0,0,10 嘉義縣,1 一般,105
363,1020,南華大學,P 進,B 學士,63,43,48,36,53,32,21,6,0,0,0,0,0,0,1,0,10 嘉義縣,1 一般,105
364,1021,真理大學,D 日,M 碩士,42,36,28,32,12,10,10,12,0,0,0,0,0,0,0,0,01 新北市,1 一般,105
365,1021,真理大學,D 日,B 學士,743,861,821,934,797,954,805,887,0,0,0,0,0,0,212,156,01 新北市,1 一般,105
366,1021,真理大學,N 職,M 碩士,7,2,2,3,0,0,0,0,0,0,0,0,0,0,0,0,01 新北市,1 一般,105
367,1021,真理大學,P 進,B 學士,35,32,41,32,30,29,53,49,0,0,0,0,0,0,34,21,01 新北市,1 一般,105
368,1022,大同大學,D 日,D 博士,8,8,12,8,10,7,9,9,13,7,8,3,17,2,0,0,30 臺北市,1 一般,105
369,1022,大同大學,D 日,M 碩士,102,68,117,48,37,10,21,5,0,0,0,0,0,0,0,0,30 臺北市,1 一般,105
370,1022,大同大學,D 日,B 學士,524,384,587,335,590,288,564,311,0,0,0,0,0,0,157,30,30 臺北市,1 一般,105
371,1022,大同大學,N 職,M 碩士,68,28,74,24,45,17,50,17,42,3,0,0,0,0,0,0,30 臺北市,1 一般,105
372,1023,南臺科技大學,D 日,D 博士,10,3,15,3,20,3,10,2,4,0,5,1,6,0,0,0,11 臺南市,2 技職,105
373,1023,南臺科技大學,D 日,M 碩士,205,144,211,132,95,57,32,26,0,1,0,1,0,0,0,0,11 臺南市,2 技職,105
374,1023,南臺科技大學,D 日,B 四技,1783,1352,1775,1446,1730,1476,1614,1451,0,0,0,0,0,0,284,157,11 臺南市,2 技職,105
375,1023,南臺科技大學,D 日,C 二技,0,0,0,0,32,80,27,108,0,0,0,0,0,0,0,4,11 臺南市,2 技職,105
376,1023,南臺科技大學,N 職,M 碩士,89,66,75,79,20,25,25,15,23,7,11,5,0,0,0,0,11 臺南市,2 技職,105
377,1023,南臺科技大學,N 修,B 四技,730,421,561,413,513,416,453,393,0,0,0,0,0,0,163,162,11 臺南市,2 技職,105
378,1023,南臺科技大學,N 修,C 二技,0,0,0,0,34,32,42,37,0,0,0,0,0,0,8,12,11 臺南市,2 技職,105
379,1024,崑山科技大學,D 日,D 博士,6,1,2,4,8,1,4,2,3,0,2,0,2,0,0,0,11 臺南市,2 技職,105
380,1024,崑山科技大學,D 日,M 碩士,137,53,136,39,20,11,16,5,0,0,0,0,0,0,0,0,11 臺南市,2 技職,105
381,1024,崑山科技大學,D 日,B 四技,1124,800,1248,856,1243,856,1131,820,0,0,0,0,0,0,213,102,11 臺南市,2 技職,105
382,1024,崑山科技大學,D 日,C 二技,0,0,0,0,1,1,4,3,0,0,0,0,0,0,1,0,11 臺南市,2 技職,105
383,1024,崑山科技大學,N 職,M 碩士,50,27,49,20,13,3,4,2,0,0,0,0,0,0,0,0,11 臺南市,2 技職,105
384,1024,崑山科技大學,N 修,B 四技,627,309,561,259,425,284,399,201,0,0,0,0,0,0,143,60,11 臺南市,2 技職,105
385,1024,崑山科技大學,N 修,C 二技,0,0,0,0,75,26,62,26,0,0,0,0,0,0,5,2,11 臺南市,2 技職,105
386,1025,嘉南藥理大學,D 日,M 碩士,61,59,59,58,20,18,2,5,0,0,0,0,0,0,0,0,11 臺南市,2 技職,105
387,1025,嘉南藥理大學,D 日,B 四技,1177,1698,1347,1911,1263,1953,1188,1844,0,0,0,0,0,0,137,80,11 臺南市,2 技職,105
388,1025,嘉南藥理大學,D 日,C 二技,0,0,0,0,9,91,12,93,0,0,0,0,0,0,0,1,11 臺南市,2 技職,105
389,1025,嘉南藥理大學,N 職,M 碩士,57,52,45,55,1,6,3,3,0,1,1,0,0,0,0,0,11 臺南市,2 技職,105
390,1025,嘉南藥理大學,N 修,B 四技,347,363,313,311,322,304,309,295,0,0,0,0,0,0,95,66,11 臺南市,2 技職,105
391,1025,嘉南藥理大學,N 修,C 二技,0,0,0,0,23,97,31,77,0,0,0,0,0,0,4,2,11 臺南市,2 技職,105
392,1025,嘉南藥理大學,N 修,X 4+X,7,2,5,3,0,0,0,0,0,0,0,0,0,0,0,0,11 臺南市,2 技職,105
393,1026,樹德科技大學,D 日,D 博士,1,6,1,3,4,4,2,0,5,2,0,0,0,0,0,0,12 高雄市,2 技職,105
394,1026,樹德科技大學,D 日,M 碩士,66,53,58,55,24,24,18,18,0,0,0,0,0,0,0,0,12 高雄市,2 技職,105
395,1026,樹德科技大學,D 日,B 四技,824,1140,872,1182,853,1124,773,1137,0,0,0,0,0,0,204,122,12 高雄市,2 技職,105
396,1026,樹德科技大學,D 日,C 二技,0,0,0,0,6,8,1,4,0,0,0,0,0,0,0,0,12 高雄市,2 技職,105
397,1026,樹德科技大學,N 職,M 碩士,85,89,43,78,23,30,42,20,0,0,0,0,0,0,0,0,12 高雄市,2 技職,105
398,1026,樹德科技大學,N 修,B 四技,214,203,182,201,179,149,197,148,0,0,0,0,0,0,71,49,12 高雄市,2 技職,105
399,1026,樹德科技大學,N 修,C 二技,0,0,0,0,61,148,38,112,0,0,0,0,0,0,0,1,12 高雄市,2 技職,105
400,1027,慈濟大學,D 日,D 博士,13,10,10,10,12,12,9,6,3,5,5,6,10,6,0,0,15 花蓮縣,1 一般,105
401,1027,慈濟大學,D 日,M 碩士,37,84,51,67,20,31,13,29,0,0,0,0,0,0,0,0,15 花蓮縣,1 一般,105
402,1027,慈濟大學,D 日,B 學士,267,453,274,435,214,368,254,389,45,56,25,29,31,21,63,59,15 花蓮縣,1 一般,105
403,1027,慈濟大學,N 職,M 碩士,0,5,0,8,3,8,0,2,2,0,0,0,0,0,0,0,15 花蓮縣,1 一般,105
404,1028,臺北醫學大學,D 日,D 博士,64,39,35,27,34,35,36,25,34,18,27,20,24,19,0,0,30 臺北市,1 一般,105
405,1028,臺北醫學大學,D 日,M 碩士,96,179,86,143,31,34,19,26,0,0,0,0,0,0,0,0,30 臺北市,1 一般,105
406,1028,臺北醫學大學,D 日,B 學士,373,592,404,599,407,580,373,529,143,119,170,93,89,68,35,62,30 臺北市,1 一般,105
407,1028,臺北醫學大學,D 日,X 4+X,16,9,0,0,0,0,0,0,0,0,0,0,0,0,0,0,30 臺北市,1 一般,105
408,1028,臺北醫學大學,N 職,M 碩士,25,67,25,62,4,39,7,31,0,0,0,0,0,0,0,0,30 臺北市,1 一般,105
409,1028,臺北醫學大學,N 修,C 二技,0,0,0,0,0,0,0,0,0,0,0,0,0,0,0,1,30 臺北市,2 技職,105
410,1029,中山醫學大學,D 日,D 博士,27,13,27,16,32,13,19,7,12,8,14,5,12,6,0,0,19 臺中市,1 一般,105
411,1029,中山醫學大學,D 日,M 碩士,70,123,69,101,29,40,16,29,0,0,0,0,0,0,0,0,19 臺中市,1 一般,105
412,1029,中山醫學大學,D 日,B 學士,489,933,533,865,584,817,533,870,155,68,146,80,101,50,94,59,19 臺中市,1 一般,105
413,1029,中山醫學大學,N 職,M 碩士,23,54,5,33,5,13,4,3,0,0,0,0,0,0,0,0,19 臺中市,1 一般,105
414,1029,中山醫學大學,N 修,C 二技,0,0,0,0,22,19,15,23,19,23,0,0,0,0,0,0,19 臺中市,2 技職,105
415,1029,中山醫學大學,P 進,B 學士,0,0,0,1,5,9,10,18,0,0,0,0,0,0,9,7,19 臺中市,1 一般,105
416,1030,龍華科技大學,D 日,M 碩士,85,34,71,17,37,14,14,7,0,0,0,0,0,0,0,0,03 桃園市,2 技職,105
417,1030,龍華科技大學,D 日,B 四技,999,558,941,562,999,580,988,626,0,0,0,0,0,0,241,137,03 桃園市,2 技職,105
418,1030,龍華科技大學,D 日,C 二技,0,0,0,0,5,3,2,1,0,0,0,0,0,0,0,0,03 桃園市,2 技職,105
419,1030,龍華科技大學,D 日,2 二專,0,0,0,0,0,0,0,0,0,0,0,0,0,0,3,4,03 桃園市,2 技職,105
420,1030,龍華科技大學,D 日,5 五專,39,11,31,6,0,0,0,0,0,0,0,0,0,0,0,0,03 桃園市,2 技職,105
421,1030,龍華科技大學,N 職,M 碩士,32,12,81,25,13,2,11,0,0,0,0,0,0,0,0,0,03 桃園市,2 技職,105
422,1030,龍華科技大學,N 修,B 四技,874,310,671,238,579,250,483,232,0,0,0,0,0,0,126,46,03 桃園市,2 技職,105
423,1030,龍華科技大學,N 修,C 二技,0,0,0,0,29,20,30,18,0,0,0,0,0,0,4,4,03 桃園市,2 技職,105
424,1031,輔英科技大學,D 日,M 碩士,18,32,8,22,9,10,1,9,0,0,0,0,0,0,0,0,12 高雄市,2 技職,105
425,1031,輔英科技大學,D 日,B 四技,414,575,409,546,380,492,344,503,0,0,0,0,0,0,96,90,12 高雄市,2 技職,105
426,1031,輔英科技大學,D 日,C 二技,0,0,0,0,83,668,74,628,0,0,0,0,0,0,4,19,12 高雄市,2 技職,105
427,1031,輔英科技大學,D 日,5 五專,45,472,54,452,58,505,51,499,55,529,0,0,0,0,9,45,12 高雄市,2 技職,105
428,1031,輔英科技大學,N 職,M 碩士,1,16,1,10,1,12,0,9,0,5,0,0,0,0,0,0,12 高雄市,2 技職,105
429,1031,輔英科技大學,N 修,B 四技,104,53,54,38,72,41,49,36,0,0,0,0,0,0,40,15,12 高雄市,2 技職,105
430,1031,輔英科技大學,N 修,C 二技,0,0,0,0,40,221,47,203,21,29,0,0,0,0,5,23,12 高雄市,2 技職,105
431,1032,明新科技大學,D 日,M 碩士,93,43,87,38,52,10,18,9,0,0,0,0,0,0,0,0,04 新竹縣,2 技職,105
432,1032,明新科技大學,D 日,B 四技,1272,717,1212,844,1207,849,1174,872,0,0,0,0,0,0,230,119,04 新竹縣,2 技職,105
433,1032,明新科技大學,N 職,M 碩士,91,22,50,17,26,1,23,2,8,7,1,0,0,0,0,0,04 新竹縣,2 技職,105
434,1032,明新科技大學,N 修,B 四技,464,316,522,386,468,356,415,295,0,0,0,0,0,0,240,130,04 新竹縣,2 技職,105
435,1032,明新科技大學,N 修,C 二技,0,0,0,0,19,32,0,41,0,0,0,0,0,0,0,1,04 新竹縣,2 技職,105
436,1032,明新科技大學,N 修,2 二專,12,5,0,0,0,0,0,0,0,0,0,0,0,0,2,6,04 新竹縣,2 技職,105
437,1033,長榮大學,D 日,D 博士,8,1,4,2,4,1,5,3,3,4,1,1,1,2,0,0,11 臺南市,1 一般,105
438,1033,長榮大學,D 日,M 碩士,60,95,56,77,20,54,25,22,0,5,0,0,0,0,0,0,11 臺南市,1 一般,105
439,1033,長榮大學,D 日,B 學士,848,1180,1094,1263,1068,1244,1012,1123,0,0,0,0,0,0,199,118,11 臺南市,1 一般,105
440,1033,長榮大學,N 職,M 碩士,29,22,21,19,9,13,6,10,10,7,0,0,0,0,0,0,11 臺南市,1 一般,105
441,1033,長榮大學,N 修,C 二技,0,0,0,0,0,0,0,0,0,0,0,0,0,0,0,1,11 臺南市,2 技職,105
442,1033,長榮大學,P 進,B 學士,128,119,44,42,57,35,60,26,0,0,0,0,0,0,15,8,11 臺南市,1 一般,105
443,1034,弘光科技大學,D 日,D 博士,0,3,0,0,0,0,0,0,0,0,0,0,0,0,0,0,06 臺中市,2 技職,105
444,1034,弘光科技大學,D 日,M 碩士,26,56,23,54,11,30,1,11,0,0,0,0,0,0,0,0,06 臺中市,2 技職,105
445,1034,弘光科技大學,D 日,B 四技,671,1213,719,1101,663,1119,635,1083,0,0,0,0,0,0,121,131,06 臺中市,2 技職,105
446,1034,弘光科技大學,D 日,C 二技,0,0,0,0,14,346,11,344,0,0,0,0,0,0,0,1,06 臺中市,2 技職,105
447,1034,弘光科技大學,D 日,5 五專,3,49,4,48,3,49,2,51,4,48,0,0,0,0,0,3,06 臺中市,2 技職,105
448,1034,弘光科技大學,N 職,M 碩士,15,23,11,20,4,12,1,12,0,0,0,0,0,0,0,0,06 臺中市,2 技職,105
449,1034,弘光科技大學,N 修,B 四技,400,472,329,451,296,400,310,408,10,30,0,0,0,0,84,99,06 臺中市,2 技職,105
450,1034,弘光科技大學,N 修,C 二技,0,0,0,0,15,307,20,320,15,304,0,0,0,0,1,9,06 臺中市,2 技職,105
451,1034,弘光科技大學,N 修,2 二專,0,23,7,33,0,0,0,0,0,0,0,0,0,0,1,7,06 臺中市,2 技職,105
452,1035,中國醫藥大學,D 日,D 博士,52,30,40,29,38,26,41,20,29,20,18,7,7,4,0,0,19 臺中市,1 一般,105
453,1035,中國醫藥大學,D 日,M 碩士,107,169,54,124,20,34,5,7,0,1,0,1,0,0,0,0,19 臺中市,1 一般,105
454,1035,中國醫藥大學,D 日,B 學士,537,696,524,717,578,709,541,737,321,302,179,120,157,88,90,84,19 臺中市,1 一般,105
455,1035,中國醫藥大學,N 職,M 碩士,10,22,15,19,0,1,0,1,1,0,0,0,0,0,0,0,19 臺中市,1 一般,105
456,1035,中國醫藥大學,N 修,C 二技,0,0,0,0,4,28,5,22,5,14,0,0,0,0,0,0,19 臺中市,2 技職,105
457,1036,健行科技大學,D 日,M 碩士,115,65,57,16,25,5,23,1,0,0,0,0,0,0,0,0,03 桃園市,2 技職,105
458,1036,健行科技大學,D 日,B 四技,973,556,1148,662,1263,652,1100,587,0,0,0,0,0,0,245,101,03 桃園市,2 技職,105
459,1036,健行科技大學,D 日,C 二技,0,0,0,0,11,27,22,31,0,0,0,0,0,0,4,3,03 桃園市,2 技職,105
460,1036,健行科技大學,D 日,2 二專,0,0,0,0,0,0,0,0,0,0,0,0,0,0,5,0,03 桃園市,2 技職,105
461,1036,健行科技大學,D 日,5 五專,0,0,25,1,0,0,0,0,0,0,0,0,0,0,0,0,03 桃園市,2 技職,105
462,1036,健行科技大學,N 職,M 碩士,29,30,7,5,3,2,11,0,6,1,0,0,0,0,0,0,03 桃園市,2 技職,105
463,1036,健行科技大學,N 修,B 四技,508,222,461,282,419,279,369,283,0,0,0,0,0,0,163,62,03 桃園市,2 技職,105
464,1036,健行科技大學,N 修,C 二技,0,0,0,0,24,28,36,29,0,0,0,0,0,0,2,0,03 桃園市,2 技職,105
465,1037,正修科技大學,D 日,D 博士,3,0,4,0,1,0,2,0,1,0,1,0,0,0,0,0,12 高雄市,2 技職,105
466,1037,正修科技大學,D 日,M 碩士,103,68,94,48,31,13,8,2,0,0,0,0,0,0,0,0,12 高雄市,2 技職,105
467,1037,正修科技大學,D 日,B 四技,1333,971,1322,1043,1473,1029,1375,999,0,0,0,0,0,0,163,57,12 高雄市,2 技職,105
468,1037,正修科技大學,D 日,5 五專,0,0,0,0,0,0,0,0,0,0,0,0,0,0,3,0,12 高雄市,2 技職,105
469,1037,正修科技大學,N 職,M 碩士,40,26,35,26,7,2,3,1,0,0,0,0,0,0,0,0,12 高雄市,2 技職,105
470,1037,正修科技大學,N 修,B 四技,942,573,834,486,774,492,742,501,0,0,0,0,0,0,264,101,12 高雄市,2 技職,105
471,1037,正修科技大學,N 修,C 二技,0,0,0,0,257,394,177,306,0,0,0,0,0,0,17,12,12 高雄市,2 技職,105
472,1037,正修科技大學,N 修,2 二專,52,16,0,0,0,0,0,0,0,0,0,0,0,0,0,0,12 高雄市,2 技職,105
473,1038,萬能科技大學,D 日,M 碩士,29,17,25,19,14,12,10,4,0,0,0,0,0,0,0,0,03 桃園市,2 技職,105
474,1038,萬能科技大學,D 日,B 四技,830,825,765,722,769,728,837,823,0,0,0,0,0,0,132,53,03 桃園市,2 技職,105
475,1038,萬能科技大學,D 日,C 二技,0,0,0,0,5,10,3,9,0,0,0,0,0,0,0,0,03 桃園市,2 技職,105
476,1038,萬能科技大學,N 職,M 碩士,49,38,17,5,3,2,8,1,1,0,0,0,0,0,0,0,03 桃園市,2 技職,105
477,1038,萬能科技大學,N 修,B 四技,622,519,472,407,513,379,324,291,0,0,0,0,0,0,91,35,03 桃園市,2 技職,105
478,1038,萬能科技大學,N 修,C 二技,0,0,0,0,150,164,57,82,0,0,0,0,0,0,3,2,03 桃園市,2 技職,105
479,1039,玄奘大學,D 日,D 博士,0,0,0,0,0,0,0,0,2,0,3,0,0,2,0,0,18 新竹市,1 一般,105
480,1039,玄奘大學,D 日,M 碩士,39,60,54,51,59,78,2,2,0,0,0,0,0,0,0,0,18 新竹市,1 一般,105
481,1039,玄奘大學,D 日,B 學士,248,444,443,585,457,536,414,533,0,0,0,0,0,0,119,56,18 新竹市,1 一般,105
482,1039,玄奘大學,N 職,M 碩士,17,35,21,38,23,40,11,16,1,0,1,1,0,0,0,0,18 新竹市,1 一般,105
483,1039,玄奘大學,N 修,C 二技,0,0,0,0,0,0,0,0,0,0,0,0,0,0,0,1,18 新竹市,2 技職,105
484,1039,玄奘大學,P 進,B 學士,98,122,41,65,71,98,74,109,0,0,0,0,0,0,59,29,18 新竹市,1 一般,105
485,1040,建國科技大學,D 日,M 碩士,33,36,57,27,14,7,6,3,0,0,0,0,0,0,0,0,07 彰化縣,2 技職,105
486,1040,建國科技大學,D 日,B 四技,882,501,961,587,1072,621,1084,593,0,0,0,0,0,0,151,69,07 彰化縣,2 技職,105
487,1040,建國科技大學,D 日,C 二技,0,0,0,0,1,0,0,0,0,0,0,0,0,0,0,0,07 彰化縣,2 技職,105
488,1040,建國科技大學,N 修,B 四技,414,117,240,99,251,112,219,96,0,0,0,0,0,0,41,8,07 彰化縣,2 技職,105
489,1040,建國科技大學,N 修,C 二技,0,0,0,0,109,65,50,45,0,0,0,0,0,0,1,0,07 彰化縣,2 技職,105
490,1041,明志科技大學,D 日,D 博士,3,1,0,0,0,0,0,0,0,0,0,0,0,0,0,0,01 新北市,2 技職,105
491,1041,明志科技大學,D 日,M 碩士,106,48,128,36,48,12,21,3,0,0,0,0,0,0,0,0,01 新北市,2 技職,105
492,1041,明志科技大學,D 日,B 四技,642,253,622,260,602,270,588,288,0,0,0,0,0,0,66,13,01 新北市,2 技職,105
493,1041,明志科技大學,D 日,C 二技,0,0,0,0,6,6,14,7,0,0,0,0,0,0,0,0,01 新北市,2 技職,105
494,1041,明志科技大學,N 職,M 碩士,9,1,16,6,7,0,6,0,2,1,0,0,0,0,0,0,01 新北市,2 技職,105
495,1041,明志科技大學,N 修,B 四技,103,37,60,35,84,34,59,37,0,0,0,0,0,0,16,4,01 新北市,2 技職,105
496,1041,明志科技大學,N 修,C 二技,0,0,0,0,0,0,3,21,0,0,0,0,0,0,2,0,01 新北市,2 技職,105
497,1042,高苑科技大學,D 日,M 碩士,43,16,39,16,17,4,9,2,0,0,0,0,0,0,0,0,12 高雄市,2 技職,105
498,1042,高苑科技大學,D 日,B 四技,748,260,837,348,815,381,859,390,0,0,0,0,0,0,151,56,12 高雄市,2 技職,105
499,1042,高苑科技大學,N 職,M 碩士,92,46,74,33,21,2,5,1,2,0,0,0,0,0,0,0,12 高雄市,2 技職,105
500,1042,高苑科技大學,N 修,B 四技,237,102,298,138,221,97,246,92,0,0,0,0,0,0,98,13,12 高雄市,2 技職,105
501,1043,大仁科技大學,D 日,M 碩士,17,14,15,14,2,1,1,0,0,0,0,0,0,0,0,0,13 屏東縣,2 技職,105
502,1043,大仁科技大學,D 日,B 四技,525,598,613,685,525,563,538,621,80,122,0,0,0,0,127,55,13 屏東縣,2 技職,105
503,1043,大仁科技大學,D 日,C 二技,0,0,0,0,2,18,1,10,0,0,0,0,0,0,0,0,13 屏東縣,2 技職,105
504,1043,大仁科技大學,N 職,M 碩士,50,57,16,16,8,6,0,0,0,1,0,0,0,0,0,0,13 屏東縣,2 技職,105
505,1043,大仁科技大學,N 修,B 四技,85,67,96,71,106,76,97,84,0,0,0,0,0,0,21,15,13 屏東縣,2 技職,105
506,1043,大仁科技大學,N 修,C 二技,0,0,0,0,109,431,63,239,0,0,0,0,0,0,5,43,13 屏東縣,2 技職,105
507,1044,聖約翰科技大學,D 日,M 碩士,41,14,44,2,19,3,27,0,0,0,0,0,0,0,0,0,01 新北市,2 技職,105
508,1044,聖約翰科技大學,D 日,B 四技,547,240,651,288,691,307,750,294,0,0,0,0,0,0,205,43,01 新北市,2 技職,105
509,1044,聖約翰科技大學,D 日,C 二技,0,0,0,0,1,1,0,2,0,0,0,0,0,0,0,1,01 新北市,2 技職,105
510,1044,聖約翰科技大學,D 日,X 4+X,0,1,0,0,0,0,0,0,0,0,0,0,0,0,0,0,01 新北市,2 技職,105
511,1044,聖約翰科技大學,D 日,5 五專,96,21,76,28,0,0,0,0,0,0,0,0,0,0,0,0,01 新北市,2 技職,105
512,1044,聖約翰科技大學,N 職,M 碩士,20,13,15,8,1,1,4,1,0,0,0,0,0,0,0,0,01 新北市,2 技職,105
513,1044,聖約翰科技大學,N 修,B 四技,18,10,24,17,30,23,44,23,0,0,0,0,0,0,23,8,01 新北市,2 技職,105
514,1045,嶺東科技大學,D 日,M 碩士,54,64,43,46,18,16,10,10,0,0,0,0,0,0,0,0,19 臺中市,2 技職,105
515,1045,嶺東科技大學,D 日,B 四技,711,1116,730,1117,685,1164,616,1111,0,0,0,0,0,0,115,76,19 臺中市,2 技職,105
516,1045,嶺東科技大學,D 日,C 二技,0,0,0,0,1,0,0,0,0,0,0,0,0,0,0,0,19 臺中市,2 技職,105
517,1045,嶺東科技大學,N 職,M 碩士,44,20,28,14,0,1,1,2,0,0,0,0,0,0,0,0,19 臺中市,2 技職,105
518,1045,嶺東科技大學,N 修,B 四技,389,376,295,283,303,272,273,244,0,0,0,0,0,0,74,67,19 臺中市,2 技職,105
519,1046,中國科技大學,D 日,M 碩士,39,32,32,13,10,9,3,2,0,0,0,0,0,0,0,0,30 臺北市,2 技職,105
520,1046,中國科技大學,D 日,B 四技,976,1388,959,1390,913,1354,808,1346,0,0,0,0,0,0,129,105,30 臺北市,2 技職,105
521,1046,中國科技大學,D 日,C 二技,0,0,0,0,2,2,0,5,0,0,0,0,0,0,0,0,30 臺北市,2 技職,105
522,1046,中國科技大學,N 職,M 碩士,9,7,5,10,3,1,0,0,0,0,0,0,0,0,0,0,30 臺北市,2 技職,105
523,1046,中國科技大學,N 修,B 四技,304,203,262,245,285,278,276,280,0,0,0,0,0,0,100,71,30 臺北市,2 技職,105
524,1046,中國科技大學,N 修,C 二技,0,0,0,0,0,0,1,0,0,0,0,0,0,0,0,0,30 臺北市,2 技職,105
525,1046,中國科技大學,N 修,X 4+X,7,24,0,0,0,0,0,0,0,0,0,0,0,0,0,0,30 臺北市,2 技職,105
526,1047,中臺科技大學,D 日,D 博士,3,0,3,0,1,1,4,0,2,0,2,1,3,1,0,0,19 臺中市,2 技職,105
527,1047,中臺科技大學,D 日,M 碩士,28,44,19,47,6,3,4,12,0,2,0,0,0,0,0,0,19 臺中市,2 技職,105
528,1047,中臺科技大學,D 日,B 四技,544,784,551,819,506,838,438,827,0,0,0,0,0,0,134,137,19 臺中市,2 技職,105
529,1047,中臺科技大學,D 日,C 二技,0,0,0,0,43,232,47,213,0,0,0,0,0,0,3,8,19 臺中市,2 技職,105
530,1047,中臺科技大學,N 職,M 碩士,22,91,12,90,3,9,4,39,0,0,0,0,0,0,0,0,19 臺中市,2 技職,105
531,1047,中臺科技大學,N 修,B 四技,195,309,153,207,129,218,122,211,0,0,0,0,0,0,70,100,19 臺中市,2 技職,105
532,1047,中臺科技大學,N 修,C 二技,0,0,0,0,56,389,48,319,37,252,0,0,0,0,11,33,19 臺中市,2 技職,105
533,1048,亞洲大學,D 日,D 博士,29,11,21,11,19,13,11,11,10,6,8,6,6,2,0,0,06 臺中市,1 一般,105
534,1048,亞洲大學,D 日,M 碩士,139,129,110,85,45,58,38,24,0,0,0,0,0,0,0,0,06 臺中市,1 一般,105
535,1048,亞洲大學,D 日,B 學士,862,1517,906,1522,959,1443,941,1337,0,0,0,0,0,0,218,116,06 臺中市,1 一般,105
536,1048,亞洲大學,N 職,M 碩士,189,62,84,110,13,15,8,6,0,0,0,0,0,0,0,0,06 臺中市,1 一般,105
537,1048,亞洲大學,P 進,B 學士,131,179,115,132,120,138,142,123,0,0,0,0,0,0,70,38,06 臺中市,1 一般,105
538,1049,開南大學,D 日,M 碩士,44,39,34,34,23,13,24,14,1,0,0,0,0,0,0,0,03 桃園市,1 一般,105
539,1049,開南大學,D 日,B 學士,518,662,774,884,773,830,804,792,0,0,0,0,0,0,334,163,03 桃園市,1 一般,105
540,1049,開南大學,N 職,M 碩士,93,73,73,62,26,15,12,5,8,0,2,1,0,0,0,0,03 桃園市,1 一般,105
541,1049,開南大學,P 進,B 學士,178,104,136,100,140,123,159,138,0,0,0,0,0,0,37,20,03 桃園市,1 一般,105
542,1050,佛光大學,D 日,D 博士,4,7,7,6,7,2,3,5,1,7,2,0,3,1,0,0,02 宜蘭縣,1 一般,105
543,1050,佛光大學,D 日,M 碩士,83,118,48,95,52,59,56,49,3,3,1,0,0,0,0,0,02 宜蘭縣,1 一般,105
544,1050,佛光大學,D 日,B 學士,367,421,357,417,327,408,303,374,0,0,0,0,0,0,103,68,02 宜蘭縣,1 一般,105
545,1050,佛光大學,N 職,M 碩士,42,34,39,31,19,14,12,5,11,9,0,0,0,0,0,0,02 宜蘭縣,1 一般,105
546,1051,台南應用科技大學,D 日,M 碩士,13,29,11,29,7,31,1,6,0,0,0,0,0,0,0,0,11 臺南市,2 技職,105
547,1051,台南應用科技大學,D 日,B 四技,633,1457,582,1476,538,1449,463,1362,0,0,0,0,0,0,67,67,11 臺南市,2 技職,105
548,1051,台南應用科技大學,D 日,C 二技,0,0,0,0,35,252,57,256,0,0,0,0,0,0,12,32,11 臺南市,2 技職,105
549,1051,台南應用科技大學,D 日,5 五專,48,192,47,203,50,202,59,184,63,152,0,0,0,0,0,0,11 臺南市,2 技職,105
550,1051,台南應用科技大學,N 職,M 碩士,15,25,12,42,3,31,4,8,1,3,0,0,0,0,0,0,11 臺南市,2 技職,105
551,1051,台南應用科技大學,N 修,B 四技,260,467,178,387,163,309,172,373,0,0,0,0,0,0,68,63,11 臺南市,2 技職,105
552,1051,台南應用科技大學,N 修,C 二技,0,0,0,0,21,92,21,104,0,0,0,0,0,0,5,19,11 臺南市,2 技職,105
553,1052,遠東科技大學,D 日,M 碩士,64,18,43,26,24,3,16,4,0,0,0,0,0,0,0,0,11 臺南市,2 技職,105
554,1052,遠東科技大學,D 日,B 四技,821,584,915,596,974,602,1103,599,0,0,0,0,0,0,174,74,11 臺南市,2 技職,105
555,1052,遠東科技大學,D 日,C 二技,0,0,0,0,0,0,1,0,0,0,0,0,0,0,0,0,11 臺南市,2 技職,105
556,1052,遠東科技大學,N 職,M 碩士,7,0,4,0,2,1,7,0,7,0,3,0,0,0,0,0,11 臺南市,2 技職,105
557,1052,遠東科技大學,N 修,B 四技,112,52,92,53,86,45,95,41,0,0,0,0,0,0,9,1,11 臺南市,2 技職,105
558,1052,遠東科技大學,N 修,C 二技,0,0,0,0,29,2,18,2,0,0,0,0,0,0,1,0,11 臺南市,2 技職,105
559,1052,遠東科技大學,N 修,2 二專,19,0,14,0,0,0,0,0,0,0,0,0,0,0,2,0,11 臺南市,2 技職,105
560,1053,元培醫事科技大學,D 日,M 碩士,54,61,38,39,15,18,13,11,0,0,0,0,0,0,0,0,18 新竹市,2 技職,105
561,1053,元培醫事科技大學,D 日,B 四技,461,601,604,686,567,671,551,629,0,0,0,0,0,0,203,95,18 新竹市,2 技職,105
562,1053,元培醫事科技大學,D 日,C 二技,0,0,0,0,2,49,3,46,0,0,0,0,0,0,0,0,18 新竹市,2 技職,105
563,1053,元培醫事科技大學,N 職,M 碩士,11,11,4,4,0,0,0,1,0,0,0,0,0,0,0,0,18 新竹市,2 技職,105
564,1053,元培醫事科技大學,N 修,B 四技,153,134,68,48,72,63,55,58,0,0,0,0,0,0,41,18,18 新竹市,2 技職,105
565,1053,元培醫事科技大學,N 修,C 二技,0,0,0,0,48,133,77,309,2,43,0,0,0,0,1,3,18 新竹市,2 技職,105
566,1054,景文科技大學,D 日,M 碩士,21,11,13,3,7,1,1,0,0,0,0,0,0,0,0,0,01 新北市,2 技職,105
567,1054,景文科技大學,D 日,B 四技,522,631,581,733,577,812,542,703,0,0,0,0,0,0,231,222,01 新北市,2 技職,105
568,1054,景文科技大學,D 日,C 二技,0,0,0,0,2,2,1,2,0,0,0,0,0,0,0,0,01 新北市,2 技職,105
569,1054,景文科技大學,N 職,M 碩士,28,19,29,19,3,2,3,1,0,0,0,0,0,0,0,0,01 新北市,2 技職,105
570,1054,景文科技大學,N 修,B 四技,261,203,171,195,154,185,158,183,0,0,0,0,0,0,63,27,01 新北市,2 技職,105
571,1054,景文科技大學,N 修,C 二技,0,0,0,0,63,100,85,122,0,0,0,0,0,0,3,2,01 新北市,2 技職,105
572,1055,中華醫事科技大學,D 日,M 碩士,24,25,19,12,5,3,3,0,0,0,0,0,0,0,0,0,11 臺南市,2 技職,105
573,1055,中華醫事科技大學,D 日,B 四技,372,508,537,667,516,607,418,564,0,0,0,0,0,0,103,65,11 臺南市,2 技職,105
574,1055,中華醫事科技大學,D 日,C 二技,0,0,0,0,89,292,39,295,0,0,0,0,0,0,6,27,11 臺南市,2 技職,105
575,1055,中華醫事科技大學,D 日,2 二專,27,23,21,25,0,0,0,0,0,0,0,0,0,0,2,1,11 臺南市,2 技職,105
576,1055,中華醫事科技大學,D 日,5 五專,143,501,121,427,89,351,100,321,54,309,0,0,0,0,9,18,11 臺南市,2 技職,105
577,1055,中華醫事科技大學,N 職,M 碩士,6,8,0,0,0,0,0,0,0,0,0,0,0,0,0,0,11 臺南市,2 技職,105
578,1055,中華醫事科技大學,N 修,B 四技,113,100,79,89,85,114,71,109,12,24,0,0,0,0,49,36,11 臺南市,2 技職,105
579,1055,中華醫事科技大學,N 修,C 二技,0,0,0,0,87,284,66,322,0,0,0,0,0,0,33,78,11 臺南市,2 技職,105
580,1055,中華醫事科技大學,N 修,2 二專,12,11,0,0,0,0,0,0,0,0,0,0,0,0,0,0,11 臺南市,2 技職,105
581,1056,東南科技大學,D 日,M 碩士,47,10,54,10,11,1,2,2,0,0,0,0,0,0,0,0,01 新北市,2 技職,105
582,1056,東南科技大學,D 日,B 四技,781,441,1010,538,935,523,1001,542,0,0,0,0,0,0,232,69,01 新北市,2 技職,105
583,1056,東南科技大學,D 日,2 二專,0,0,0,0,0,0,0,0,0,0,0,0,0,0,0,1,01 新北市,2 技職,105
584,1056,東南科技大學,N 職,M 碩士,17,7,19,0,0,0,4,0,0,0,0,0,0,0,0,0,01 新北市,2 技職,105
585,1056,東南科技大學,N 修,B 四技,173,63,86,23,85,32,59,27,0,0,0,0,0,0,38,12,01 新北市,2 技職,105
586,1056,東南科技大學,N 修,C 二技,0,0,0,0,11,2,35,5,0,0,0,0,0,0,1,2,01 新北市,2 技職,105
587,1057,德明財經科技大學,D 日,M 碩士,10,18,17,8,6,2,7,0,0,0,0,0,0,0,0,0,30 臺北市,2 技職,105
588,1057,德明財經科技大學,D 日,B 四技,737,1078,662,1107,605,1131,581,1168,0,0,0,0,0,0,166,119,30 臺北市,2 技職,105
589,1057,德明財經科技大學,D 日,C 二技,0,0,0,0,20,49,14,37,0,0,0,0,0,0,1,0,30 臺北市,2 技職,105
590,1057,德明財經科技大學,N 職,M 碩士,14,13,17,8,6,3,5,1,0,0,0,0,0,0,0,0,30 臺北市,2 技職,105
591,1057,德明財經科技大學,N 修,B 四技,129,129,126,161,150,175,142,171,0,0,0,0,0,0,57,33,30 臺北市,2 技職,105
592,1057,德明財經科技大學,N 修,C 二技,0,0,0,0,19,14,13,22,0,0,0,0,0,0,2,1,30 臺北市,2 技職,105
593,1058,明道大學,D 日,D 博士,3,2,3,2,3,0,0,0,0,0,0,0,0,0,0,0,07 彰化縣,1 一般,105
594,1058,明道大學,D 日,M 碩士,52,34,29,32,14,12,10,6,0,0,0,0,0,0,0,0,07 彰化縣,1 一般,105
595,1058,明道大學,D 日,B 學士,419,306,493,441,470,354,482,380,0,0,0,0,0,0,82,39,07 彰化縣,1 一般,105
596,1058,明道大學,N 職,M 碩士,13,26,5,14,1,3,3,2,0,0,0,0,0,0,0,0,07 彰化縣,1 一般,105
597,1058,明道大學,P 進,B 學士,208,142,177,88,171,101,177,105,0,0,0,0,0,0,34,30,07 彰化縣,1 一般,105
598,1060,南開科技大學,D 日,M 碩士,31,13,29,12,11,5,2,3,0,0,0,0,0,0,0,0,08 南投縣,2 技職,105
599,1060,南開科技大學,D 日,B 四技,483,239,589,309,559,294,572,326,0,0,0,0,0,0,104,33,08 南投縣,2 技職,105
600,1060,南開科技大學,D 日,C 二技,0,0,0,0,22,5,23,14,0,0,0,0,0,0,1,1,08 南投縣,2 技職,105
601,1060,南開科技大學,D 日,5 五專,157,30,207,43,134,32,124,39,171,63,0,0,0,0,25,1,08 南投縣,2 技職,105
602,1060,南開科技大學,N 職,M 碩士,14,19,18,39,4,2,5,6,0,0,0,0,0,0,0,0,08 南投縣,2 技職,105
603,1060,南開科技大學,N 修,B 四技,147,81,149,85,168,92,143,83,0,0,0,0,0,0,58,19,08 南投縣,2 技職,105
604,1061,中華科技大學,D 日,M 碩士,89,28,76,24,10,3,7,2,0,0,0,0,0,0,0,0,30 臺北市,2 技職,105
605,1061,中華科技大學,D 日,B 四技,755,424,909,508,943,467,981,553,0,0,0,0,0,0,201,60,30 臺北市,2 技職,105
606,1061,中華科技大學,D 日,C 二技,0,0,0,0,1,20,6,7,0,0,0,0,0,0,1,0,30 臺北市,2 技職,105
607,1061,中華科技大學,N 職,M 碩士,36,12,41,12,7,0,3,0,0,0,1,0,0,0,0,0,30 臺北市,2 技職,105
608,1061,中華科技大學,N 修,B 四技,253,44,147,41,152,54,119,61,0,0,0,0,0,0,65,14,30 臺北市,2 技職,105
609,1061,中華科技大學,N 修,C 二技,0,0,0,0,83,73,81,32,0,0,0,0,0,0,0,1,30 臺北市,2 技職,105
610,1061,中華科技大學,N 修,2 二專,3,16,0,0,0,0,0,0,0,0,0,0,0,0,0,0,30 臺北市,2 技職,105
611,1062,僑光科技大學,D 日,M 碩士,10,13,21,16,3,4,1,0,0,0,0,0,0,0,0,0,19 臺中市,2 技職,105
612,1062,僑光科技大學,D 日,B 四技,589,952,632,1011,565,1033,566,950,0,0,0,0,0,0,66,46,19 臺中市,2 技職,105
613,1062,僑光科技大學,D 日,C 二技,0,0,0,0,0,1,0,0,0,0,0,0,0,0,0,0,19 臺中市,2 技職,105
614,1062,僑光科技大學,D 日,2 二專,0,0,0,0,0,0,0,0,0,0,0,0,0,0,3,3,19 臺中市,2 技職,105
615,1062,僑光科技大學,D 日,5 五專,0,0,0,0,0,0,0,0,0,0,0,0,0,0,9,2,19 臺中市,2 技職,105
616,1062,僑光科技大學,N 職,M 碩士,11,8,11,10,0,0,1,0,0,0,0,0,0,0,0,0,19 臺中市,2 技職,105
617,1062,僑光科技大學,N 修,B 四技,651,526,428,440,404,455,386,477,0,0,0,0,0,0,83,65,19 臺中市,2 技職,105
618,1062,僑光科技大學,N 修,C 二技,0,0,0,0,37,24,22,13,0,0,0,0,0,0,0,1,19 臺中市,2 技職,105
619,1062,僑光科技大學,N 修,2 二專,6,9,52,36,0,0,0,0,0,0,0,0,0,0,4,1,19 臺中市,2 技職,105
620,1063,育達科技大學,D 日,M 碩士,31,27,13,6,6,6,2,2,0,0,0,0,0,0,0,0,05 苗栗縣,2 技職,105
621,1063,育達科技大學,D 日,B 四技,277,293,371,410,377,432,361,405,0,0,0,0,0,0,133,76,05 苗栗縣,2 技職,105
622,1063,育達科技大學,D 日,C 二技,0,0,0,0,0,0,4,10,0,0,0,0,0,0,0,1,05 苗栗縣,2 技職,105
623,1063,育達科技大學,N 職,M 碩士,57,34,19,12,5,0,2,0,1,0,0,0,0,0,0,0,05 苗栗縣,2 技職,105
624,1063,育達科技大學,N 修,B 四技,205,150,152,137,132,127,147,85,0,0,0,0,0,0,39,25,05 苗栗縣,2 技職,105
625,1063,育達科技大學,N 修,C 二技,0,0,0,0,80,136,26,94,0,0,0,0,0,0,3,6,05 苗栗縣,2 技職,105
626,1064,美和科技大學,D 日,M 碩士,30,36,18,26,4,11,1,3,0,0,0,0,0,0,0,0,13 屏東縣,2 技職,105
627,1064,美和科技大學,D 日,B 四技,373,457,401,482,394,474,370,469,0,0,0,0,0,0,45,22,13 屏東縣,2 技職,105
628,1064,美和科技大學,D 日,C 二技,0,0,0,0,22,212,17,215,0,0,0,0,0,0,1,3,13 屏東縣,2 技職,105
629,1064,美和科技大學,D 日,5 五專,59,331,41,328,29,312,30,279,36,296,0,0,0,0,8,22,13 屏東縣,2 技職,105
630,1064,美和科技大學,N 職,M 碩士,24,47,28,55,7,22,2,8,0,0,0,0,0,0,0,0,13 屏東縣,2 技職,105
631,1064,美和科技大學,N 修,B 四技,113,188,70,85,83,98,101,101,0,0,0,0,0,0,19,14,13 屏東縣,2 技職,105
632,1064,美和科技大學,N 修,C 二技,0,0,0,0,35,369,40,379,0,0,0,0,0,0,25,44,13 屏東縣,2 技職,105
633,1064,美和科技大學,N 修,2 二專,25,3,0,0,0,0,0,0,0,0,0,0,0,0,0,0,13 屏東縣,2 技職,105
634,1065,吳鳳科技大學,D 日,M 碩士,17,11,12,13,1,0,2,0,0,0,0,0,0,0,0,0,10 嘉義縣,2 技職,105
635,1065,吳鳳科技大學,D 日,B 四技,619,323,649,331,659,299,687,302,0,0,0,0,0,0,97,25,10 嘉義縣,2 技職,105
636,1065,吳鳳科技大學,N 職,M 碩士,24,19,22,14,1,0,0,0,0,1,0,0,0,0,0,0,10 嘉義縣,2 技職,105
637,1065,吳鳳科技大學,N 修,B 四技,156,50,172,62,210,78,172,70,0,0,0,0,0,0,27,9,10 嘉義縣,2 技職,105
638,1066,環球科技大學,D 日,M 碩士,37,32,30,24,2,8,3,3,0,0,0,0,0,0,0,0,09 雲林縣,2 技職,105
639,1066,環球科技大學,D 日,B 四技,379,449,502,519,541,598,368,440,0,0,0,0,0,0,92,43,09 雲林縣,2 技職,105
640,1066,環球科技大學,D 日,C 二技,0,0,0,0,0,3,2,2,0,0,0,0,0,0,2,1,09 雲林縣,2 技職,105
641,1066,環球科技大學,N 職,M 碩士,16,11,10,8,0,0,0,1,0,0,0,0,0,0,0,0,09 雲林縣,2 技職,105
642,1066,環球科技大學,N 修,B 四技,154,221,127,160,157,172,114,83,0,0,0,0,0,0,21,4,09 雲林縣,2 技職,105
643,1066,環球科技大學,N 修,C 二技,0,0,0,0,47,91,38,87,0,0,0,0,0,0,1,1,09 雲林縣,2 技職,105
644,1066,環球科技大學,N 修,2 二專,77,63,60,69,0,0,0,0,0,0,0,0,0,0,9,4,09 雲林縣,2 技職,105
645,1067,台灣首府大學,D 日,M 碩士,9,19,14,16,0,2,0,0,0,1,0,0,0,0,0,0,11 臺南市,1 一般,105
646,1067,台灣首府大學,D 日,B 學士,263,299,341,326,397,330,315,277,0,0,0,0,0,0,71,44,11 臺南市,1 一般,105
647,1067,台灣首府大學,N 修,C 二技,0,0,0,0,11,24,0,0,0,0,0,0,0,0,0,0,11 臺南市,2 技職,105
648,1067,台灣首府大學,P 進,B 學士,70,43,80,41,68,63,76,70,0,0,0,0,0,0,19,16,11 臺南市,1 一般,105
649,1068,中州科技大學,D 日,M 碩士,9,13,8,4,5,1,5,1,2,0,0,0,0,0,0,0,07 彰化縣,2 技職,105
650,1068,中州科技大學,D 日,B 四技,280,246,390,258,360,252,331,229,0,0,0,0,0,0,52,10,07 彰化縣,2 技職,105
651,1068,中州科技大學,D 日,C 二技,0,0,0,0,1,0,0,0,0,0,0,0,0,0,0,0,07 彰化縣,2 技職,105
652,1068,中州科技大學,N 職,M 碩士,18,5,6,2,0,1,1,0,0,2,0,0,0,0,0,0,07 彰化縣,2 技職,105
653,1068,中州科技大學,N 修,B 四技,166,115,148,96,139,81,139,57,0,0,0,0,0,0,28,5,07 彰化縣,2 技職,105
654,1068,中州科技大學,N 修,C 二技,0,0,0,0,120,255,20,58,0,0,0,0,0,0,1,2,07 彰化縣,2 技職,105
655,1069,修平科技大學,D 日,M 碩士,19,14,13,4,6,1,0,0,0,0,0,0,0,0,0,0,06 臺中市,2 技職,105
656,1069,修平科技大學,D 日,B 四技,691,389,802,484,811,497,761,438,0,0,0,0,0,0,180,61,06 臺中市,2 技職,105
657,1069,修平科技大學,N 職,M 碩士,7,1,2,2,0,0,0,0,0,0,0,0,0,0,0,0,06 臺中市,2 技職,105
658,1069,修平科技大學,N 修,B 四技,223,58,154,23,137,21,113,13,0,0,0,0,0,0,45,8,06 臺中市,2 技職,105
659,1069,修平科技大學,N 修,2 二專,12,1,1,0,0,0,0,0,0,0,0,0,0,0,0,0,06 臺中市,2 技職,105
660,1070,長庚科技大學,D 日,M 碩士,1,25,2,19,1,8,0,0,0,0,0,0,0,0,0,0,03 桃園市,2 技職,105
661,1070,長庚科技大學,D 日,B 四技,131,789,96,675,57,551,58,539,0,0,0,0,0,0,3,9,03 桃園市,2 技職,105
662,1070,長庚科技大學,D 日,C 二技,0,0,0,0,13,708,27,692,0,0,0,0,0,0,0,3,03 桃園市,2 技職,105
663,1070,長庚科技大學,D 日,5 五專,0,0,7,107,17,201,14,205,8,260,0,0,0,0,4,23,03 桃園市,2 技職,105
664,1070,長庚科技大學,N 職,M 碩士,0,30,0,21,1,9,1,6,0,1,0,0,0,0,0,0,03 桃園市,2 技職,105
665,1070,長庚科技大學,N 修,C 二技,0,0,0,0,40,618,24,653,26,374,0,0,0,0,2,11,03 桃園市,2 技職,105
666,1071,臺北城市科技大學,D 日,M 碩士,32,11,26,11,15,6,6,2,0,0,0,0,0,0,0,0,30 臺北市,2 技職,105
667,1071,臺北城市科技大學,D 日,B 四技,1082,666,1014,713,1084,716,972,659,0,0,0,0,0,0,270,112,30 臺北市,2 技職,105
668,1071,臺北城市科技大學,D 日,2 二專,0,0,0,0,0,0,0,0,0,0,0,0,0,0,8,4,30 臺北市,2 技職,105
669,1071,臺北城市科技大學,D 日,5 五專,264,108,249,104,169,78,197,90,219,97,0,0,0,0,17,7,30 臺北市,2 技職,105
670,1071,臺北城市科技大學,N 修,B 四技,192,98,120,32,144,50,130,55,0,0,0,0,0,0,35,11,30 臺北市,2 技職,105
671,1071,臺北城市科技大學,N 修,2 二專,19,15,15,5,0,0,0,0,0,0,0,0,0,0,3,1,30 臺北市,2 技職,105
672,1072,大華科技大學,D 日,M 碩士,4,0,5,0,6,0,7,0,0,0,0,0,0,0,0,0,04 新竹縣,2 技職,105
673,1072,大華科技大學,D 日,B 四技,106,85,103,60,156,61,182,125,0,0,0,0,0,0,74,37,04 新竹縣,2 技職,105
674,1072,大華科技大學,D 日,C 二技,0,0,0,0,17,16,14,28,0,0,0,0,0,0,1,2,04 新竹縣,2 技職,105
675,1072,大華科技大學,D 日,5 五專,65,55,119,58,75,55,141,92,149,128,0,0,0,0,6,3,04 新竹縣,2 技職,105
676,1072,大華科技大學,N 職,M 碩士,0,0,0,0,0,0,0,0,1,0,0,0,0,0,0,0,04 新竹縣,2 技職,105
677,1072,大華科技大學,N 修,B 四技,76,25,97,31,93,33,81,52,0,0,0,0,0,0,31,11,04 新竹縣,2 技職,105
678,1072,大華科技大學,N 修,C 二技,0,0,0,0,391,119,256,66,0,0,0,0,0,0,3,3,04 新竹縣,2 技職,105
679,1072,大華科技大學,N 修,2 二專,134,48,0,0,0,0,0,0,0,0,0,0,0,0,5,0,04 新竹縣,2 技職,105
680,1073,醒吾科技大學,D 日,M 碩士,18,10,15,8,11,1,0,0,0,0,0,0,0,0,0,0,01 新北市,2 技職,105
681,1073,醒吾科技大學,D 日,B 四技,493,708,579,898,547,995,605,853,0,0,0,0,0,0,97,63,01 新北市,2 技職,105
682,1073,醒吾科技大學,D 日,C 二技,0,0,0,0,1,0,1,0,0,0,0,0,0,0,0,0,01 新北市,2 技職,105
683,1073,醒吾科技大學,D 日,5 五專,80,109,110,174,66,110,85,179,72,190,0,0,0,0,2,1,01 新北市,2 技職,105
684,1073,醒吾科技大學,N 職,M 碩士,38,13,16,15,3,4,6,1,0,0,0,0,0,0,0,0,01 新北市,2 技職,105
685,1073,醒吾科技大學,N 修,B 四技,229,230,69,59,99,103,136,126,0,0,0,0,0,0,46,10,01 新北市,2 技職,105
686,1074,南榮科技大學,D 日,M 碩士,10,7,8,9,1,0,1,0,0,0,0,0,0,0,0,0,11 臺南市,2 技職,105
687,1074,南榮科技大學,D 日,B 四技,138,80,217,171,286,160,171,133,0,0,0,0,0,0,30,14,11 臺南市,2 技職,105
688,1074,南榮科技大學,D 日,C 二技,0,0,0,0,14,0,17,2,0,0,0,0,0,0,0,0,11 臺南市,2 技職,105
689,1074,南榮科技大學,D 日,5 五專,21,8,27,11,34,11,49,17,56,20,0,0,0,0,3,1,11 臺南市,2 技職,105
690,1074,南榮科技大學,N 職,M 碩士,10,3,6,10,0,0,0,0,0,0,0,0,0,0,0,0,11 臺南市,2 技職,105
691,1074,南榮科技大學,N 修,B 四技,61,35,116,58,168,125,196,112,0,0,0,0,0,0,44,8,11 臺南市,2 技職,105
692,1074,南榮科技大學,N 修,C 二技,0,0,0,0,12,7,20,22,0,0,0,0,0,0,3,0,11 臺南市,2 技職,105
693,1074,南榮科技大學,N 修,2 二專,30,30,39,44,0,0,0,0,0,0,0,0,0,0,11,7,11 臺南市,2 技職,105
694,1075,文藻外語大學,D 日,M 碩士,16,46,8,39,4,18,4,13,0,0,0,0,0,0,0,0,50 高雄市,2 技職,105
695,1075,文藻外語大學,D 日,B 四技,308,934,270,986,214,981,231,976,0,0,0,0,0,0,86,236,50 高雄市,2 技職,105
696,1075,文藻外語大學,D 日,C 二技,0,0,0,0,22,109,23,140,0,0,0,0,0,0,2,22,50 高雄市,2 技職,105
697,1075,文藻外語大學,D 日,5 五專,53,266,65,296,55,292,58,277,47,291,0,0,0,0,9,25,50 高雄市,2 技職,105
698,1075,文藻外語大學,N 職,M 碩士,6,14,0,15,5,11,2,4,1,2,0,0,0,0,0,0,50 高雄市,2 技職,105
699,1075,文藻外語大學,N 修,B 四技,190,361,113,279,90,250,96,233,0,0,0,0,0,0,43,136,50 高雄市,2 技職,105
700,1075,文藻外語大學,N 修,C 二技,0,0,0,0,21,65,15,48,0,0,0,0,0,0,6,20,50 高雄市,2 技職,105
701,1076,華夏科技大學,D 日,M 碩士,19,3,12,3,1,0,0,0,0,0,0,0,0,0,0,0,01 新北市,2 技職,105
702,1076,華夏科技大學,D 日,B 四技,366,245,509,276,474,255,410,280,0,0,0,0,0,0,71,25,01 新北市,2 技職,105
703,1076,華夏科技大學,D 日,C 二技,0,0,0,0,34,6,35,10,0,0,0,0,0,0,0,0,01 新北市,2 技職,105
704,1076,華夏科技大學,D 日,5 五專,159,16,117,16,79,16,81,17,69,19,0,0,0,0,6,1,01 新北市,2 技職,105
705,1076,華夏科技大學,N 職,M 碩士,16,9,17,5,9,3,4,0,0,0,0,0,0,0,0,0,01 新北市,2 技職,105
706,1076,華夏科技大學,N 修,B 四技,121,77,122,61,141,80,110,72,0,0,0,0,0,0,33,7,01 新北市,2 技職,105
707,1076,華夏科技大學,N 修,C 二技,0,0,0,0,71,16,49,12,0,0,0,0,0,0,2,1,01 新北市,2 技職,105
708,1076,華夏科技大學,N 修,2 二專,29,56,82,75,0,0,0,0,0,0,0,0,0,0,11,5,01 新北市,2 技職,105
709,1077,慈濟科技大學,D 日,M 碩士,6,2,7,1,6,5,0,0,0,0,0,0,0,0,0,0,15 花蓮縣,2 技職,105
710,1077,慈濟科技大學,D 日,B 四技,167,195,146,134,150,160,110,118,0,0,0,0,0,0,37,14,15 花蓮縣,2 技職,105
711,1077,慈濟科技大學,D 日,C 二技,0,0,0,0,8,139,7,123,0,0,0,0,0,0,0,2,15 花蓮縣,2 技職,105
712,1077,慈濟科技大學,D 日,5 五專,34,229,32,217,29,212,26,210,22,218,0,0,0,0,5,30,15 花蓮縣,2 技職,105
713,1077,慈濟科技大學,N 修,C 二技,0,0,0,0,4,58,1,41,0,0,0,0,0,0,1,18,15 花蓮縣,2 技職,105
714,1078,致理科技大學,D 日,M 碩士,5,15,2,11,1,3,0,0,0,0,0,0,0,0,0,0,01 新北市,2 技職,105
715,1078,致理科技大學,D 日,B 四技,489,1053,495,1057,432,1092,458,1065,0,0,0,0,0,0,111,127,01 新北市,2 技職,105
716,1078,致理科技大學,D 日,C 二技,0,0,0,0,23,99,65,147,0,0,0,0,0,0,7,10,01 新北市,2 技職,105
717,1078,致理科技大學,D 日,2 二專,0,0,0,0,0,0,0,0,0,0,0,0,0,0,3,1,01 新北市,2 技職,105
718,1078,致理科技大學,D 日,5 五專,71,267,60,273,61,257,47,267,56,246,0,0,0,0,11,20,01 新北市,2 技職,105
719,1078,致理科技大學,N 職,M 碩士,4,13,3,9,0,2,0,1,2,3,0,0,0,0,0,0,01 新北市,2 技職,105
720,1078,致理科技大學,N 修,B 四技,252,516,286,470,225,508,226,462,0,0,0,0,0,0,68,78,01 新北市,2 技職,105
721,1078,致理科技大學,N 修,C 二技,0,0,0,0,49,103,25,73,0,0,0,0,0,0,10,9,01 新北市,2 技職,105
722,1079,康寧大學,D 日,M 碩士,27,58,18,21,12,6,4,3,1,0,0,0,0,0,0,0,30 臺北市,1 一般,105
723,1079,康寧大學,D 日,B 學士,84,84,131,89,155,185,165,166,0,0,0,0,0,0,49,29,30 臺北市,1 一般,105
724,1079,康寧大學,D 日,2 二專,5,14,5,13,0,0,0,0,0,0,0,0,0,0,0,1,30 臺北市,2 技職,105
725,1079,康寧大學,D 日,5 五專,151,501,132,494,124,437,125,427,98,423,0,0,0,0,5,26,30 臺北市,2 技職,105
726,1079,康寧大學,N 職,M 碩士,37,52,16,33,15,8,2,4,0,0,0,0,0,0,0,0,30 臺北市,1 一般,105
727,1079,康寧大學,N 修,2 二專,45,149,22,118,0,0,0,0,0,0,0,0,0,0,0,4,30 臺北市,2 技職,105
728,1079,康寧大學,P 進,B 學士,121,56,96,51,57,38,30,26,0,0,0,0,0,0,13,1,30 臺北市,1 一般,105
729,1125,中信金融管理學院,D 日,M 碩士,7,9,0,0,0,0,0,0,0,0,0,0,0,0,0,0,21 臺南市,1 一般,105
730,1125,中信金融管理學院,D 日,B 學士,70,82,61,78,6,4,6,5,0,0,0,0,0,0,0,1,21 臺南市,1 一般,105
731,1125,中信金融管理學院,P 進,B 學士,0,0,0,0,0,0,1,0,0,0,0,0,0,0,1,0,21 臺南市,1 一般,105
732,1148,大漢技術學院,D 日,M 碩士,33,5,19,15,16,1,0,0,0,0,0,0,0,0,0,0,15 花蓮縣,2 技職,105
733,1148,大漢技術學院,D 日,B 四技,65,30,60,32,77,33,83,42,0,0,0,0,0,0,42,26,15 花蓮縣,2 技職,105
734,1148,大漢技術學院,D 日,C 二技,0,0,0,0,0,2,0,0,0,0,0,0,0,0,0,0,15 花蓮縣,2 技職,105
735,1148,大漢技術學院,N 修,B 四技,78,31,64,33,45,33,54,46,0,0,0,0,0,0,6,1,15 花蓮縣,2 技職,105
736,1148,大漢技術學院,N 修,C 二技,0,0,0,0,107,78,66,43,0,0,0,0,0,0,0,1,15 花蓮縣,2 技職,105
737,1148,大漢技術學院,N 修,2 二專,68,60,45,55,0,0,0,0,0,0,0,0,0,0,2,0,15 花蓮縣,2 技職,105
738,1159,和春技術學院,D 日,M 碩士,18,2,14,2,3,0,0,0,0,0,0,0,0,0,0,0,12 高雄市,2 技職,105
739,1159,和春技術學院,D 日,B 四技,136,121,146,117,146,56,137,71,0,0,0,0,0,0,99,31,12 高雄市,2 技職,105
740,1159,和春技術學院,D 日,C 二技,0,0,0,0,12,18,6,6,0,0,0,0,0,0,0,0,12 高雄市,2 技職,105
741,1159,和春技術學院,D 日,5 五專,60,69,43,22,35,18,41,34,44,23,0,0,0,0,15,3,12 高雄市,2 技職,105
742,1159,和春技術學院,N 修,B 四技,83,59,120,33,87,34,99,31,0,0,0,0,0,0,56,19,12 高雄市,2 技職,105
743,1159,和春技術學院,N 修,C 二技,0,0,0,0,180,82,129,51,0,0,0,0,0,0,4,0,12 高雄市,2 技職,105
744,1159,和春技術學院,N 修,2 二專,297,102,263,93,0,0,0,0,0,0,0,0,0,0,15,2,12 高雄市,2 技職,105
745,1166,亞東技術學院,D 日,M 碩士,11,5,7,5,5,1,2,0,0,0,1,0,0,0,0,0,01 新北市,2 技職,105
746,1166,亞東技術學院,D 日,B 四技,746,269,744,296,732,320,758,327,0,0,0,0,0,0,152,28,01 新北市,2 技職,105
747,1166,亞東技術學院,D 日,C 二技,0,0,0,0,0,92,5,84,0,0,0,0,0,0,1,9,01 新北市,2 技職,105
748,1166,亞東技術學院,D 日,2 二專,0,0,0,0,0,0,0,0,0,0,0,0,0,0,1,1,01 新北市,2 技職,105
749,1166,亞東技術學院,N 修,B 四技,0,0,0,0,0,0,0,0,0,0,0,0,0,0,8,0,01 新北市,2 技職,105
750,1166,亞東技術學院,N 修,C 二技,0,0,0,0,1,24,0,26,0,24,0,0,0,0,0,0,01 新北市,2 技職,105
751,1168,南亞技術學院,D 日,M 碩士,12,9,11,1,6,2,3,0,0,0,0,0,0,0,0,0,03 桃園市,2 技職,105
752,1168,南亞技術學院,D 日,B 四技,330,268,337,275,386,332,471,422,0,0,0,0,0,0,140,87,03 桃園市,2 技職,105
753,1168,南亞技術學院,D 日,5 五專,56,48,73,68,0,0,0,0,0,0,0,0,0,0,0,0,03 桃園市,2 技職,105
754,1168,南亞技術學院,N 修,B 四技,179,69,161,64,159,94,140,93,0,0,0,0,0,0,49,28,03 桃園市,2 技職,105
755,1168,南亞技術學院,N 修,2 二專,58,9,0,0,0,0,0,0,0,0,0,0,0,0,0,0,03 桃園市,2 技職,105
756,1176,稻江科技暨管理學院,D 日,M 碩士,14,22,15,10,0,3,0,0,3,0,0,0,0,0,0,0,10 嘉義縣,1 一般,105
757,1176,稻江科技暨管理學院,D 日,B 學士,248,258,122,110,151,155,132,116,0,0,0,0,0,0,34,26,10 嘉義縣,1 一般,105
758,1176,稻江科技暨管理學院,N 職,M 碩士,17,10,8,11,1,1,0,0,0,0,0,0,0,0,0,0,10 嘉義縣,1 一般,105
759,1176,稻江科技暨管理學院,N 修,C 二技,0,0,0,0,7,35,8,39,0,0,0,0,0,0,2,4,10 嘉義縣,2 技職,105
760,1176,稻江科技暨管理學院,P 進,B 學士,69,94,50,69,55,103,62,103,0,0,0,0,0,0,12,7,10 嘉義縣,1 一般,105
761,1179,德霖技術學院,D 日,B 四技,397,242,434,317,451,348,368,308,0,0,0,0,0,0,114,47,01 新北市,2 技職,105
762,1179,德霖技術學院,D 日,C 二技,0,0,0,0,8,31,10,22,0,0,0,0,0,0,2,2,01 新北市,2 技職,105
763,1179,德霖技術學院,D 日,5 五專,247,119,210,114,189,121,211,122,231,127,0,0,0,0,20,14,01 新北市,2 技職,105
764,1179,德霖技術學院,N 修,B 四技,374,200,232,117,165,94,203,97,0,0,0,0,0,0,61,19,01 新北市,2 技職,105
765,1179,德霖技術學院,N 修,C 二技,0,0,0,0,155,90,153,61,0,0,0,0,0,0,10,2,01 新北市,2 技職,105
766,1179,德霖技術學院,N 修,2 二專,101,70,92,112,0,0,0,0,0,0,0,0,0,0,15,8,01 新北市,2 技職,105
767,1182,蘭陽技術學院,D 日,B 四技,93,98,84,50,77,76,152,85,0,0,0,0,0,0,33,22,02 宜蘭縣,2 技職,105
768,1182,蘭陽技術學院,D 日,C 二技,0,0,0,0,0,0,14,9,0,0,0,0,0,0,2,0,02 宜蘭縣,2 技職,105
769,1182,蘭陽技術學院,D 日,5 五專,109,58,85,67,33,22,75,41,92,60,0,0,0,0,21,4,02 宜蘭縣,2 技職,105
770,1182,蘭陽技術學院,N 修,2 二專,0,0,0,0,0,0,0,0,0,0,0,0,0,0,1,0,02 宜蘭縣,2 技職,105
771,1183,黎明技術學院,D 日,B 四技,399,389,354,354,375,322,384,265,0,0,0,0,0,0,68,25,01 新北市,2 技職,105
772,1183,黎明技術學院,D 日,C 二技,0,0,0,0,0,0,0,9,0,0,0,0,0,0,0,0,01 新北市,2 技職,105
773,1183,黎明技術學院,D 日,5 五專,96,19,142,17,139,25,155,23,155,23,0,0,0,0,24,7,01 新北市,2 技職,105
774,1183,黎明技術學院,N 修,B 四技,161,89,131,39,122,52,85,45,0,0,0,0,0,0,26,8,01 新北市,2 技職,105
775,1183,黎明技術學院,N 修,C 二技,0,0,0,0,1,49,5,54,0,0,0,0,0,0,0,0,01 新北市,2 技職,105
776,1183,黎明技術學院,N 修,2 二專,9,61,1,2,0,0,0,0,0,0,0,0,0,0,0,0,01 新北市,2 技職,105
777,1184,東方設計學院,D 日,D 博士,6,6,5,4,2,1,0,0,0,0,0,0,0,0,0,0,12 高雄市,2 技職,105
778,1184,東方設計學院,D 日,M 碩士,22,38,18,15,6,5,1,3,0,0,0,0,0,0,0,0,12 高雄市,2 技職,105
779,1184,東方設計學院,D 日,B 四技,170,149,197,173,181,227,205,255,4,4,0,0,0,0,41,34,12 高雄市,2 技職,105
780,1184,東方設計學院,D 日,C 二技,0,0,0,0,8,12,12,5,0,0,0,0,0,0,1,0,12 高雄市,2 技職,105
781,1184,東方設計學院,D 日,5 五專,127,150,173,208,113,178,128,214,121,169,0,0,0,0,8,6,12 高雄市,2 技職,105
782,1184,東方設計學院,N 職,M 碩士,9,6,10,2,4,3,2,0,0,0,0,0,0,0,0,0,12 高雄市,2 技職,105
783,1184,東方設計學院,N 修,B 四技,24,38,23,30,8,7,13,10,0,0,0,0,0,0,0,2,12 高雄市,2 技職,105
784,1185,經國管理暨健康學院,D 日,M 碩士,4,6,1,8,2,3,0,0,0,0,0,0,0,0,0,0,17 基隆市,2 技職,105
785,1185,經國管理暨健康學院,D 日,B 四技,189,350,133,310,160,244,146,238,0,0,0,0,0,0,51,30,17 基隆市,2 技職,105
786,1185,經國管理暨健康學院,D 日,C 二技,0,0,0,0,6,54,2,61,0,0,0,0,0,0,0,0,17 基隆市,2 技職,105
787,1185,經國管理暨健康學院,D 日,5 五專,106,221,100,246,65,243,61,240,65,245,0,0,0,0,7,29,17 基隆市,2 技職,105
788,1185,經國管理暨健康學院,N 職,M 碩士,7,13,5,14,0,6,1,1,0,0,0,0,0,0,0,0,17 基隆市,2 技職,105
789,1185,經國管理暨健康學院,N 修,B 四技,22,13,35,65,23,36,24,30,0,0,0,0,0,0,11,11,17 基隆市,2 技職,105
790,1185,經國管理暨健康學院,N 修,C 二技,0,0,0,0,3,97,6,69,0,0,0,0,0,0,0,4,17 基隆市,2 技職,105
791,1187,崇右技術學院,D 日,M 碩士,19,21,18,20,0,0,0,0,0,0,0,0,0,0,0,0,17 基隆市,2 技職,105
792,1187,崇右技術學院,D 日,B 四技,259,295,281,301,242,273,220,252,0,0,0,0,0,0,87,80,17 基隆市,2 技職,105
793,1187,崇右技術學院,D 日,5 五專,41,43,43,45,41,43,50,64,37,118,0,0,0,0,7,12,17 基隆市,2 技職,105
794,1188,大同技術學院,D 日,B 四技,152,198,187,187,163,209,192,215,0,0,0,0,0,0,25,17,20 嘉義市,2 技職,105
795,1188,大同技術學院,D 日,5 五專,18,17,25,20,21,14,33,30,21,23,0,0,0,0,3,0,20 嘉義市,2 技職,105
796,1188,大同技術學院,N 修,B 四技,42,53,24,38,28,52,32,61,0,0,0,0,0,0,7,6,20 嘉義市,2 技職,105
797,1188,大同技術學院,N 修,C 二技,0,0,0,0,45,102,23,116,0,0,0,0,0,0,2,1,20 嘉義市,2 技職,105
798,1188,大同技術學院,N 修,2 二專,8,10,6,7,0,0,0,0,0,0,0,0,0,0,0,1,20 嘉義市,2 技職,105
799,1189,亞太創意技術學院,D 日,M 碩士,12,26,16,9,5,6,1,1,0,0,0,0,0,0,0,0,05 苗栗縣,2 技職,105
800,1189,亞太創意技術學院,D 日,B 四技,70,43,88,48,65,44,103,78,0,0,0,0,0,0,35,15,05 苗栗縣,2 技職,105
801,1189,亞太創意技術學院,D 日,C 二技,0,0,0,0,0,0,11,179,0,0,0,0,0,0,0,0,05 苗栗縣,2 技職,105
802,1189,亞太創意技術學院,N 修,C 二技,0,0,0,0,23,238,10,137,0,0,0,0,0,0,0,0,05 苗栗縣,2 技職,105
803,1189,亞太創意技術學院,N 修,2 二專,0,26,3,117,0,0,0,0,0,0,0,0,0,0,0,1,05 苗栗縣,2 技職,105
804,1192,臺灣觀光學院,D 日,M 碩士,3,5,2,4,2,3,0,2,0,0,0,0,0,0,0,0,15 花蓮縣,2 技職,105
805,1192,臺灣觀光學院,D 日,B 四技,71,85,86,84,83,100,91,106,0,0,0,0,0,0,56,36,15 花蓮縣,2 技職,105
806,1192,臺灣觀光學院,D 日,C 二技,0,0,0,0,0,0,7,10,0,0,0,0,0,0,0,1,15 花蓮縣,2 技職,105
807,1192,臺灣觀光學院,D 日,2 二專,0,0,0,0,0,0,0,0,0,0,0,0,0,0,3,0,15 花蓮縣,2 技職,105
808,1192,臺灣觀光學院,D 日,5 五專,27,27,25,37,19,40,23,28,0,0,0,0,0,0,0,2,15 花蓮縣,2 技職,105
809,1192,臺灣觀光學院,N 修,B 四技,9,15,16,15,12,26,8,19,0,0,0,0,0,0,3,3,15 花蓮縣,2 技職,105
810,1192,臺灣觀光學院,N 修,C 二技,0,0,0,0,12,11,14,21,0,0,0,0,0,0,0,0,15 花蓮縣,2 技職,105
811,1192,臺灣觀光學院,N 修,2 二專,8,18,9,13,0,0,0,0,0,0,0,0,0,0,0,0,15 花蓮縣,2 技職,105
812,1195,馬偕醫學院,D 日,M 碩士,4,12,4,12,2,0,0,0,0,0,0,0,0,0,0,0,01 新北市,1 一般,105
813,1195,馬偕醫學院,D 日,B 學士,46,80,44,80,39,74,41,75,19,22,31,16,31,9,1,0,01 新北市,1 一般,105
814,1195,馬偕醫學院,N 修,C 二技,0,0,0,0,0,0,0,6,0,0,0,0,0,0,0,0,01 新北市,2 技職,105
815,1196,法鼓文理學院,D 日,D 博士,0,1,3,3,1,2,0,0,0,2,0,0,0,0,0,0,01 新北市,1 一般,105
816,1196,法鼓文理學院,D 日,M 碩士,25,53,19,44,4,11,5,12,0,0,0,0,0,0,0,0,01 新北市,1 一般,105
817,1196,法鼓文理學院,D 日,B 學士,7,7,4,11,5,13,0,6,0,0,0,0,0,0,0,0,01 新北市,1 一般,105
818,1197,台北海洋技術學院,D 日,M 碩士,16,14,11,2,0,0,0,0,0,0,0,0,0,0,0,0,01 新北市,2 技職,105
819,1197,台北海洋技術學院,D 日,B 四技,431,387,476,456,467,454,443,444,0,0,0,0,0,0,114,53,01 新北市,2 技職,105
820,1197,台北海洋技術學院,D 日,C 二技,0,0,0,0,74,22,77,27,0,0,0,0,0,0,2,2,01 新北市,2 技職,105
821,1197,台北海洋技術學院,D 日,X 4+X,30,3,0,0,0,0,0,0,0,0,0,0,0,0,35,3,01 新北市,2 技職,105
822,1197,台北海洋技術學院,D 日,2 二專,60,6,68,2,0,0,0,0,0,0,0,0,0,0,9,0,01 新北市,2 技職,105
823,1197,台北海洋技術學院,D 日,5 五專,161,97,172,111,163,106,156,118,163,97,0,0,0,0,34,6,01 新北市,2 技職,105
824,1197,台北海洋技術學院,N 修,B 四技,11,44,15,15,18,11,24,15,0,0,0,0,0,0,9,4,01 新北市,2 技職,105
825,1197,台北海洋技術學院,N 修,C 二技,0,0,0,0,10,27,7,33,0,0,0,0,0,0,2,1,01 新北市,2 技職,105
826,1197,台北海洋技術學院,N 修,2 二專,47,3,45,1,0,0,0,0,0,0,0,0,0,0,0,0,01 新北市,2 技職,105
827,1282,馬偕醫護管理專科學校,D 日,2 二專,0,0,5,17,0,0,0,0,0,0,0,0,0,0,1,6,30 臺北市,2 技職,105
828,1282,馬偕醫護管理專科學校,D 日,5 五專,103,750,90,736,79,701,89,683,62,651,0,0,0,0,16,61,30 臺北市,2 技職,105
829,1282,馬偕醫護管理專科學校,N 修,2 二專,77,64,74,61,0,0,0,0,0,0,0,0,0,0,2,2,30 臺北市,2 技職,105
830,1283,仁德醫護管理專科學校,D 日,5 五專,285,1028,293,957,244,923,218,894,242,825,0,0,0,0,101,186,05 苗栗縣,2 技職,105
831,1283,仁德醫護管理專科學校,N 修,2 二專,107,120,49,118,0,0,0,0,0,0,0,0,0,0,28,12,05 苗栗縣,2 技職,105
832,1284,樹人醫護管理專科學校,D 日,5 五專,346,1116,330,1070,264,893,287,943,278,876,0,0,0,0,72,138,12 高雄市,2 技職,105
833,1284,樹人醫護管理專科學校,N 修,2 二專,153,79,154,48,28,10,13,7,0,0,0,0,0,0,3,2,12 高雄市,2 技職,105
834,1285,慈惠醫護管理專科學校,D 日,2 二專,33,38,16,44,0,0,0,0,0,0,0,0,0,0,2,6,13 屏東縣,2 技職,105
835,1285,慈惠醫護管理專科學校,D 日,5 五專,251,876,289,860,272,784,255,801,228,844,0,0,0,0,64,200,13 屏東縣,2 技職,105
836,1285,慈惠醫護管理專科學校,N 修,2 二專,66,94,62,77,8,6,2,5,0,0,0,0,0,0,9,11,13 屏東縣,2 技職,105
837,1286,耕莘健康管理專科學校,D 日,5 五專,103,962,117,940,113,886,93,875,92,886,0,0,0,0,18,91,01 新北市,2 技職,105
838,1286,耕莘健康管理專科學校,N 修,2 二專,0,43,0,37,0,0,0,0,0,0,0,0,0,0,0,1,01 新北市,2 技職,105
839,1287,敏惠醫護管理專科學校,D 日,5 五專,104,713,103,668,86,650,86,662,81,679,0,0,0,0,15,50,11 臺南市,2 技職,105
840,1288,高美醫護管理專科學校,D 日,5 五專,28,97,38,117,26,59,19,62,11,93,0,0,0,0,4,9,12 高雄市,2 技職,105
841,1288,高美醫護管理專科學校,N 修,2 二專,60,39,60,49,0,0,0,0,0,0,0,0,0,0,0,0,12 高雄市,2 技職,105
842,1289,育英醫護管理專科學校,D 日,5 五專,38,370,40,363,35,335,31,339,24,350,0,0,0,0,2,35,50 高雄市,2 技職,105
843,1290,崇仁醫護管理專科學校,D 日,5 五專,89,639,97,619,83,590,75,606,64,552,0,0,0,0,18,46,20 嘉義市,2 技職,105
844,1291,聖母醫護管理專科學校,D 日,5 五專,225,556,192,556,141,507,145,533,124,531,0,0,0,0,8,7,02 宜蘭縣,2 技職,105
845,1292,新生醫護管理專科學校,D 日,5 五專,172,1152,153,1101,131,938,131,981,97,972,0,0,0,0,20,80,03 桃園市,2 技職,105
846,1292,新生醫護管理專科學校,N 修,2 二專,13,26,23,31,0,0,0,0,0,0,0,0,0,0,0,1,03 桃園市,2 技職,105
847,3002,臺北市立大學,D 日,D 博士,22,16,13,27,17,23,10,17,8,19,11,17,25,30,0,0,30 臺北市,1 一般,105
848,3002,臺北市立大學,D 日,M 碩士,128,239,123,234,65,182,55,115,18,43,12,22,0,0,0,0,30 臺北市,1 一般,105
849,3002,臺北市立大學,D 日,B 學士,600,709,556,700,527,676,480,650,0,0,0,0,0,0,184,111,30 臺北市,1 一般,105
850,3002,臺北市立大學,N 職,M 碩士,109,236,101,232,37,81,32,48,17,20,15,19,0,0,0,0,30 臺北市,1 一般,105
